Player,Nation,Pos,Squad,Age,90s,CrdY,CrdR,2CrdY,Fls,Fld,Off,Crs,Int,TklW,PKwon,PKcon,OG
Ahmed Abdullahi,NGA,FW,Gent,20,0.0,0,0,0,0,1,0,0,0,0,,,0
Francis Abu,GHA,MF,Cercle Brugge,23,20.3,3,1,1,23,24,0,12,18,53,,,0
Orseer Achihi,NGA,FW,Antwerp,17,0.3,1,0,0,2,0,0,0,0,0,,,0
Desmond Acquah,BEL,MF,Dender,22,3.4,1,0,0,5,5,2,6,3,10,,,0
Noah Adedeji,BEL,MF,Genk,19,9.7,0,0,0,6,18,4,25,14,13,,,0
Farouck Adekami,CIV,MF,Antwerp,17,1.4,1,0,0,1,1,0,1,0,1,,,0
Mohammed El Г‚dfaoui,BEL,MF,Gent,16,0.1,0,0,0,0,1,0,0,0,1,,,0
Adryelson,BRA,DF,Anderlecht,26,7.8,0,0,0,2,4,0,1,10,7,,,0
Lawrence Agyekum,GHA,MF,Cercle Brugge,20,26.7,2,0,0,23,32,2,29,40,51,,,0
Takahiro Akimoto,JPN,"DF,MF",OH Leuven,26,22.5,6,0,0,18,22,0,12,25,38,,,0
Ali Akman,TUR,FW,Dender,22,0.5,0,0,0,0,2,0,1,0,3,,,0
Josimar Alcocer,CRC,MF,Westerlo,20,19.6,6,0,0,20,27,1,22,20,49,,,0
Toby Alderweireld,BEL,DF,Antwerp,35,27.0,6,0,0,16,11,1,8,26,10,,,0
Ryan Alebiosu,NGA,"MF,DF",Kortrijk,22,6.8,1,0,0,6,0,1,29,7,6,,,0
Sotiris Alexandropoulos,GRE,MF,Standard LiГЁge,22,12.4,7,1,1,23,18,0,10,14,30,,,0
Arthur Alexis,BEL,MF,Sint-Truiden,18,0.1,0,0,0,0,1,0,1,0,1,,,0
Thierry Ambrose,GLP,"FW,MF",Kortrijk,27,23.4,5,0,0,14,28,21,31,3,8,,,0
Francis Amuzu,BEL,"FW,MF",Anderlecht,24,7.9,1,0,0,6,14,6,55,3,8,,,0
Frederic Ananou,TOG,"MF,DF",Sint-Truiden,26,2.2,0,0,0,2,0,1,1,1,6,,,0
Stelios Andreou,CYP,DF,Charleroi,22,34.0,5,1,1,15,7,1,5,43,26,,,0
Nilson Angulo,ECU,"MF,FW",Anderlecht,21,13.0,1,0,0,27,26,4,39,7,29,,,0
Bill Antonio,ZIM,"MF,FW",Mechelen,21,6.5,1,0,0,10,5,3,19,5,5,,,0
Tiago AraГєjo,POR,"MF,DF",Gent,23,14.8,3,0,0,10,10,2,74,3,18,,,1
Kristian Arnstad,NOR,MF,Anderlecht,20,0.3,0,0,0,0,0,0,3,1,0,,,0
Tolu Arokodare,NGA,FW,Genk,23,34.0,2,0,0,42,40,19,6,5,10,,,0
Raymond Asante,GHA,FW,Charleroi,20,1.7,0,0,0,1,4,0,3,1,0,,,0
Majeed Ashimeru,GHA,MF,Anderlecht,26,6.5,4,0,0,14,21,1,0,7,13,,,0
Steeven Assengue,BEL,DF,Standard LiГЁge,19,0.5,0,0,0,0,1,1,0,1,1,,,0
Ludwig Augustinsson,SWE,DF,Anderlecht,30,14.4,1,0,0,18,6,0,66,21,24,,,0
Felipe Augusto,BRA,FW,Cercle Brugge,20,17.4,1,0,0,33,26,15,15,6,10,,,0
Yassine Azzouz,MAR,MF,OH Leuven,17,0.1,0,0,0,1,0,0,0,0,0,,,0
Muhammed Badamosi,GAM,FW,Standard LiГЁge,25,1.3,0,0,0,7,5,1,2,0,2,,,0
Youssouph Badji,SEN,FW,Charleroi,22,2.3,0,0,0,2,2,0,0,0,1,,,0
Bilal Bafdili,BEL,MF,Mechelen,19,11.6,4,0,0,15,8,2,35,4,9,,,0
Michel-Ange Balikwisha,COD,MF,Antwerp,23,12.1,1,0,0,14,19,5,38,8,18,,,0
William Balikwisha,COD,"MF,FW",OH Leuven,25,16.3,3,1,0,13,11,10,42,20,16,,,0
Sacha Banse,BFA,MF,Standard LiГЁge,23,0.4,0,0,0,3,0,0,1,0,1,,,0
Ezechiel Banzuzi,NED,MF,OH Leuven,19,27.6,10,1,1,51,45,0,18,18,51,,,0
Joselpho Barnes,GHA,FW,Sint-Truiden,22,1.3,0,0,0,1,0,1,0,0,0,,,0
Jelle Bataille,BEL,"DF,MF",Antwerp,25,22.0,3,0,0,18,22,1,50,34,46,,,0
David Bates,SCO,DF,Standard LiГЁge,27,8.6,0,0,0,6,7,0,0,15,10,,,0
Emin Bayram,TUR,DF,Westerlo,21,24.5,10,2,2,20,12,1,6,44,24,,,1
Gavin Bazunu,IRL,GK,Standard LiГЁge,22,8.0,0,0,0,0,1,0,0,0,1,,,0
Zineddine Belaid,ALG,DF,Sint-Truiden,25,10.1,2,0,0,10,1,0,0,13,8,,,0
Rafik Belghali,ALG,"MF,DF",Mechelen,22,26.7,3,0,0,26,21,5,55,24,33,,,0
Quentin Benaets,BEL,FW,Charleroi,20,0.1,0,0,0,0,2,0,4,0,1,,,0
Mauricio BenГ­tez,ARG,MF,Antwerp,20,4.3,1,0,0,5,1,0,0,7,2,,,0
Soufiane Benjdida,MAR,FW,Standard LiГЁge,22,6.3,1,0,0,13,1,7,4,2,1,,,0
Antoine Bernier,BEL,MF,Charleroi,26,25.8,5,0,0,23,25,9,62,12,44,,,0
Adriano Bertaccini,BEL,"FW,MF",Sint-Truiden,23,30.6,9,0,0,34,32,17,14,7,11,,,0
Mohamed Berte,BEL,FW,Dender,22,19.8,3,0,0,34,28,3,7,3,19,,,0
MickaГ«l Biron,MTQ,"FW,MF",OH Leuven,26,1.4,0,0,0,0,3,0,4,0,3,,,0
Arnaud Bodart,BEL,GK,Standard LiГЁge,26,2.0,0,0,0,0,0,0,0,0,0,,,0
Sinan Bolat,TUR,GK,Westerlo,35,11.0,3,0,0,0,3,0,0,0,1,,,0
Boli Bolingoli-Mbombo,BEL,"MF,DF",Standard LiГЁge,29,8.6,4,0,0,19,15,2,19,9,14,,,0
Christopher Bonsu-Baah,GHA,"MF,FW",Genk,19,28.4,2,0,0,35,80,7,85,17,30,,,0
Jordy Bos,AUS,"MF,DF",Westerlo,21,11.4,2,0,0,7,12,1,36,15,13,,,0
Sofiane Boufal,MAR,MF,Union SG,30,7.5,4,0,0,16,19,0,23,4,10,,,0
Amine Boukamir,MAR,MF,Charleroi,17,0.4,0,0,0,2,0,0,0,1,2,,,0
Rosen Bozhinov,BUL,DF,Antwerp,19,1.8,4,1,1,6,1,0,0,5,2,,,0
Bilal Brahimi,ALG,"FW,MF",Sint-Truiden,24,19.9,7,1,1,12,19,5,218,13,8,,,0
Archie Brown,ENG,"DF,MF",Gent,22,29.3,7,0,0,32,25,3,105,28,29,,,0
Bruninho,BRA,MF,Cercle Brugge,21,5.7,0,0,0,2,10,0,16,1,7,,,0
Paris Brunner,GER,FW,Cercle Brugge,18,5.9,1,0,0,8,10,5,2,0,3,,,0
Massimo Bruno,BEL,MF,Kortrijk,30,6.5,1,0,0,8,7,0,29,1,9,,,0
Marko Bulat,CRO,"MF,FW",Standard LiГЁge,22,18.1,3,0,0,10,20,5,108,17,23,,,0
Christian Burgess,ENG,DF,Union SG,32,30.0,11,0,0,28,9,0,2,25,29,,,0
Welat Cagro,BEL,MF,Beerschot Wilrijk,25,10.6,7,2,0,18,15,0,15,8,12,,,0
Alexandro Calut,BEL,"DF,MF",Standard LiГЁge,21,3.3,1,0,0,5,4,0,9,8,5,,,0
Etienne Camara,FRA,MF,Charleroi,21,16.7,5,0,0,24,6,1,5,17,25,,,0
Ilay Camara,SEN,MF,Standard LiГЁge,21,27.5,4,0,0,31,45,9,107,21,28,,,0
Shandre Campbell,RSA,MF,Club Brugge,19,0.2,0,0,0,0,0,0,4,0,0,,,0
Alessio Castro-Montes,BEL,MF,Union SG,27,14.5,3,0,0,11,17,1,83,13,22,,,0
Tjaronn Chery,SUR,"MF,FW",Antwerp,36,33.9,2,0,0,18,25,7,189,7,19,,,0
Thomas Claes,BEL,MF,Genk,20,0.0,0,0,0,0,0,0,0,0,0,,,0
Antoine Colassin,BEL,"FW,MF",Beerschot Wilrijk,23,18.1,4,1,0,20,27,0,23,15,14,,,0
Kobe Cools,BEL,DF,Dender,27,35.6,5,0,0,33,6,1,3,72,25,,,1
Colin Coosemans,BEL,GK,Anderlecht,31,38.0,1,0,0,0,8,0,0,1,2,,,0
Jo Coppens,BEL,GK,Sint-Truiden,33,3.0,2,0,0,1,0,0,0,0,0,,,0
Kobe Corbanie,BEL,"MF,DF",Antwerp,19,14.4,2,0,0,13,13,0,13,23,25,,,0
Ayrton Costa,ARG,DF,Antwerp,25,13.5,7,0,0,32,17,1,14,29,30,,,0
Carlos Cuesta,COL,DF,Genk,25,6.8,3,0,0,7,1,0,0,5,11,,,0
Karol Czubak,POL,FW,Kortrijk,24,0.9,0,0,0,4,1,0,0,1,0,,,0
Oday Dabbagh,PLE,FW,Charleroi,25,5.5,1,1,0,4,5,7,3,0,2,,,0
Colin Dagba,FRA,"DF,MF",Beerschot Wilrijk,25,16.2,5,0,0,12,9,0,25,14,41,,,0
JГіn Dagur Гћorsteinsson,ISL,"FW,MF",OH Leuven,25,1.0,0,0,0,0,1,1,10,1,1,,,0
Jesper Daland,NOR,DF,Cercle Brugge,24,2.0,0,0,0,1,0,0,0,2,4,,,0
Elyess Dao,MAR,FW,Anderlecht,17,0.1,0,0,0,0,0,0,1,0,0,,,0
Gabriel David,NGA,FW,Antwerp,17,0.1,0,0,0,0,0,0,1,0,0,,,0
Promise David,CAN,FW,Union SG,23,21.6,9,0,0,46,18,25,22,6,9,,,0
Nathan De Cat,BEL,MF,Anderlecht,16,1.0,1,0,0,6,1,0,0,0,2,,,0
Maxim De Cuyper,BEL,DF,Club Brugge,23,34.2,4,0,0,27,33,1,246,22,48,,,0
Gilles De Meyer,BEL,MF,Gent,17,1.7,0,0,0,3,7,0,1,1,2,,,0
Dion De Neve,BEL,"MF,DF",Kortrijk,22,21.5,0,0,0,8,1,2,124,15,27,,,0
Kamiel Van De Perre,BEL,MF,Union SG,20,11.4,4,0,0,30,24,0,9,21,42,,,0
Ebbe De Vlaeminck,BEL,GK,Kortrijk,18,4.3,0,0,0,0,0,0,0,1,0,,,0
Tibe De Vlieger,BEL,MF,Gent,18,2.0,0,0,0,1,4,0,6,3,2,,,0
Nils De Wilde,BEL,MF,Cercle Brugge,21,1.5,1,0,0,1,0,1,9,0,4,,,0
Ortwin De Wolf,BEL,GK,Mechelen,27,39.0,1,0,0,1,5,0,0,2,0,,,0
Max Dean,ENG,FW,Gent,20,10.8,3,0,0,13,14,7,6,3,3,,,0
ThГ©o Defourny,BEL,GK,Charleroi,32,1.0,0,0,0,0,0,0,0,0,0,,,0
Tristan Degreef,BEL,"MF,FW",Anderlecht,19,5.8,5,0,0,9,15,0,18,8,12,,,0
Brecht Dejaegere,BEL,"MF,DF",Kortrijk,33,16.7,5,0,0,28,37,4,58,28,31,,,0
Maxime Delanghe,BEL,GK,Cercle Brugge,23,23.9,1,1,0,1,2,0,0,0,0,,,0
Martin DelavallГ©e,BEL,GK,Charleroi,20,18.0,0,0,0,0,2,0,0,0,0,,,0
Mathias Delorge,BEL,MF,Gent,20,34.9,3,0,0,34,28,2,107,34,36,,,0
IsaГ­as Delpupo,ARG,FW,Sint-Truiden,21,1.5,1,2,0,4,6,0,3,0,2,,,0
Olivier Deman,BEL,"DF,MF",Antwerp,24,18.9,8,0,0,25,19,1,51,28,47,,,0
Bas van den Eynden,BEL,DF,Mechelen,22,11.4,3,0,0,14,3,0,1,11,9,,,0
Leander Dendoncker,BEL,"MF,DF",Anderlecht,29,29.0,6,0,0,32,22,1,6,38,45,,,0
KГ©vin Denkey,TOG,FW,Cercle Brugge,23,14.6,3,0,0,25,15,11,6,0,4,,,0
Robin Denuit,BEL,DF,Charleroi,22,0.2,0,0,0,0,1,0,0,0,1,,,0
Djevencio van der Kust,SUR,DF,Beerschot Wilrijk,23,3.7,0,0,0,0,4,0,7,5,6,,,0
Alfie Devine,ENG,MF,Westerlo,19,23.5,3,0,0,13,9,0,35,19,21,,,1
Julien Devriendt,BEL,GK,Dender,25,3.5,0,0,0,0,0,0,0,0,0,,,0
Gilles Dewaele,BEL,"MF,DF",Kortrijk,28,12.2,1,0,0,13,6,0,36,12,9,,,0
Ibrahim DiakitГ©,GUI,DF,Cercle Brugge,20,23.5,2,1,0,26,34,1,28,29,24,,,0
Amadou Diallo,BEL,FW,OH Leuven,19,0.2,0,0,0,1,0,1,0,0,0,,,0
Daan Dierckx,BEL,DF,Standard LiГЁge,21,9.3,2,0,0,9,1,0,2,11,12,,,0
Guillaume Dietsch,FRA,GK,Dender,23,3.5,0,0,0,0,1,0,0,0,0,,,0
Alouis Diriken,BEL,MF,Sint-Truiden,20,1.6,0,0,0,3,1,0,0,2,0,,,0
Kasper Dolberg,DEN,FW,Anderlecht,26,26.1,1,0,0,21,43,14,5,4,7,,,0
Emile DoucourГ©,BEL,GK,Beerschot Wilrijk,16,3.0,0,0,0,0,1,0,0,0,0,,,0
Mahamadou Doumbia,MLI,MF,Antwerp,20,27.0,7,0,0,47,43,0,9,20,34,,,0
Souleyman Doumbia,CIV,MF,Standard LiГЁge,27,2.1,0,0,0,1,4,0,5,4,5,,,0
Vetle Dragsnes,NOR,DF,Charleroi,30,28.6,2,0,0,19,11,4,71,15,38,,,0
Anders Dreyer,DEN,"FW,MF",Anderlecht,26,15.3,0,0,0,6,9,7,73,4,7,,,0
Olivier Dumont,BEL,"MF,FW",Sint-Truiden,22,5.3,0,0,0,8,7,1,7,1,10,,,0
Jean-Kevin Duverne,HAI,"DF,MF",Kortrijk,27,13.0,2,0,0,15,6,0,41,15,33,,,0
Dennis Eckert,GER,FW,Union SG,27,32.1,2,0,0,37,50,9,59,8,25,,,0
Samuel Edozie,ENG,"MF,FW",Anderlecht,21,14.0,1,0,0,8,37,6,32,8,11,,,0
Malamine Efekele,FRA,"MF,FW",Cercle Brugge,20,2.7,0,0,0,2,8,0,4,3,3,,,0
Jurgen Ekkelenkamp,NED,MF,Antwerp,24,0.7,0,0,0,0,1,0,0,0,0,,,0
Nunzio Engwanda,BEL,DF,Anderlecht,16,0.7,0,0,0,3,0,0,0,0,0,,,0
Matthieu Epolo,BEL,GK,Standard LiГЁge,19,26.5,0,0,0,0,2,0,0,0,0,,,0
Alieu Fadera,GAM,MF,Genk,22,2.0,1,0,0,5,6,0,9,2,10,,,0
Noah Fadiga,SEN,"MF,DF",Gent,24,12.3,3,1,0,24,19,1,12,7,11,,,0
Omar Fayed,EGY,DF,Beerschot Wilrijk,21,8.7,5,0,0,13,12,0,0,20,15,,,0
Matias Fernandez-Pardo,BEL,"MF,FW",Gent,19,1.8,1,0,0,5,3,1,1,0,0,,,0
AndrГ©s Ferrari,URU,FW,Sint-Truiden,21,12.1,1,0,0,23,16,6,2,3,13,,,0
Fabio Ferraro,BEL,"MF,DF",Dender,21,32.3,1,0,0,14,19,0,133,40,59,,,0
Nacho Ferri,ESP,FW,Kortrijk,19,25.4,9,0,0,49,37,7,10,2,15,,,0
Karol Fila,POL,"MF,DF",Dender,26,4.1,3,0,0,7,3,2,8,7,8,,,0
Mathias Fixelles,BEL,MF,Westerlo,27,0.2,0,0,0,1,3,0,2,0,1,,,0
Alexis Flips,FRA,MF,Charleroi,24,3.6,1,0,0,6,3,0,43,3,4,,,0
Thomas Foket,BEL,DF,Anderlecht,29,6.3,0,0,0,7,5,1,24,8,5,,,0
NГєrio Fortuna,ANG,"DF,MF",Gent,29,0.1,0,0,0,2,0,0,0,0,0,,,0
Marlon Fossey,USA,"MF,DF",Standard LiГЁge,25,38.1,2,0,0,17,23,7,96,54,27,,,0
Iver Fossum,NOR,MF,Kortrijk,28,2.6,0,0,0,0,1,0,3,0,5,,,0
Daam Foulon,BEL,"MF,DF",Mechelen,25,18.2,3,0,0,12,36,6,50,13,24,,,1
Guillaume FranГ§ois,BEL,MF,Union SG,34,1.3,0,0,0,3,0,0,4,4,0,,,0
Matija Frigan,CRO,FW,Westerlo,21,29.6,9,0,0,33,37,18,10,2,9,,,0
Haruya Fujii,JPN,DF,Kortrijk,23,20.2,0,0,0,12,19,0,8,29,24,,,0
Joel Fujita,JPN,MF,Sint-Truiden,22,32.7,8,0,0,44,16,0,13,54,69,,,0
Mohammed Fuseini,GHA,"FW,MF",Union SG,22,18.8,4,0,0,27,23,14,8,7,7,,,0
Hugo Gambor,CTA,DF,Gent,21,13.8,3,0,0,15,18,0,11,22,26,,,0
Omri Gandelman,ISR,MF,Gent,24,20.1,3,0,0,30,11,8,6,12,24,,,0
Yann Gboua,BEL,FW,Standard LiГЁge,16,0.4,0,0,0,0,1,0,0,0,0,,,0
Wouter George,BEL,MF,OH Leuven,22,8.1,2,0,0,15,9,0,24,3,16,,,0
Pieter Gerkens,BEL,MF,Gent,28,7.8,0,0,0,3,7,0,35,15,9,,,0
Faisal Al Ghamdi,KSA,MF,Beerschot Wilrijk,22,24.3,5,1,0,32,23,4,18,32,46,,,0
Marc Giger,SUI,FW,Union SG,20,0.3,0,0,0,0,0,0,1,1,0,,,0
Г“scar Gil,ESP,DF,OH Leuven,27,16.0,6,1,0,25,37,1,22,19,30,,,0
Nick Gillekens,BEL,GK,Westerlo,29,1.0,0,0,0,0,2,0,0,0,0,,,0
Bruno Godeau,BEL,DF,Sint-Truiden,32,28.6,4,0,0,20,11,0,12,40,33,,,0
Bryan Goncalves,FRA,DF,Dender,28,19.4,8,0,0,21,15,0,111,34,25,,,1
Hyllarion Goore,CIV,"FW,MF",Gent,18,5.6,0,0,0,5,3,3,4,0,2,,,0
Keisuke Goto,JPN,FW,Anderlecht,19,2.4,0,0,0,4,0,0,0,0,2,,,0
Mouhamed GuГЁye,SEN,DF,Kortrijk,20,1.7,2,0,0,3,1,0,0,2,2,,,0
Parfait Guiagon,CIV,MF,Charleroi,23,29.4,6,0,0,25,44,1,46,14,27,,,0
Muhammed GГјmГјskaya,TUR,MF,Westerlo,23,0.3,0,0,0,1,1,0,4,0,0,,,0
Patrik Gunnarsson,ISL,GK,Kortrijk,23,10.2,0,0,0,1,3,0,0,0,0,,,0
Andri GuГ°johnsen,ISL,FW,Gent,22,16.9,1,0,0,15,29,2,0,1,11,,,0
Anouar Ait El Hadj,BEL,MF,Union SG,22,18.2,1,0,0,14,12,5,50,9,23,,,0
Geoffry Hairemans,BEL,MF,Mechelen,32,17.3,1,0,0,16,22,3,68,13,19,,,0
Youssef Hamdaoui,BEL,FW,Antwerp,16,0.1,0,0,0,0,0,0,0,0,0,,,0
Fredrik Hammer,SWE,MF,Mechelen,23,18.3,3,0,0,35,14,0,4,36,36,,,0
Dogucan Haspolat,TUR,MF,Westerlo,24,37.2,12,1,1,57,33,1,259,57,64,,,0
Ibe Hautekiet,BEL,DF,Standard LiГЁge,22,33.0,6,0,0,28,11,1,2,61,44,,,0
Thorgan Hazard,BEL,"MF,FW",Anderlecht,31,14.2,3,0,0,24,21,6,93,4,18,,,0
Ewan Henderson,SCO,MF,Beerschot Wilrijk,24,24.8,3,1,0,16,34,4,109,14,23,,,0
Laurent Henkinet,BEL,GK,Standard LiГЁge,31,3.5,0,0,0,0,0,0,0,0,0,,,0
Lennard Hens,BEL,MF,Dender,28,12.2,1,0,0,22,19,1,79,21,18,,,0
Lucas Hey,DEN,DF,Anderlecht,21,16.0,2,0,0,10,17,1,2,11,14,,,0
Daan Heymans,BEL,MF,Charleroi,25,37.0,9,0,0,50,16,5,37,19,36,,,0
Bryan Heynen,BEL,MF,Genk,27,34.1,6,0,0,28,35,1,25,54,45,,,0
Kyan Himpe,BEL,FW,Kortrijk,18,0.1,0,0,0,0,0,0,0,0,0,,,0
Andrew Hjulsager,DEN,"MF,FW",Gent,29,6.3,1,0,0,11,9,0,46,3,9,,,0
Tom Holmes,ENG,DF,Dender,24,1.0,1,0,0,1,0,0,1,1,2,,,0
Milo Horemans,BEL,MF,Antwerp,18,0.3,0,0,0,0,1,0,0,1,0,,,0
Andreas Hountondji,BEN,FW,Standard LiГЁge,22,9.8,0,0,0,6,2,8,15,1,1,,,0
David HrnДЌГЎr,SVK,"MF,DF",Dender,26,24.6,1,1,0,11,6,2,137,27,27,,,0
Patrik HroЕЎovskГЅ,SVK,MF,Genk,32,24.6,2,0,0,13,27,0,36,9,20,,,0
CГ©sar Huerta,MEX,"MF,FW",Anderlecht,23,12.3,2,0,0,19,24,1,19,2,11,,,0
Dean Huiberts,NED,MF,Beerschot Wilrijk,24,4.3,2,0,0,9,4,0,4,6,13,,,0
Oh Hyeon-gyu,KOR,FW,Genk,23,7.1,1,0,0,6,13,4,3,0,4,,,0
Hong Hyunseok,KOR,MF,Gent,25,2.8,0,0,0,0,5,0,14,1,2,,,0
Mounaim El Idrissy,FRA,MF,Kortrijk,25,3.8,5,0,0,9,13,2,9,5,7,,,0
Chukwubuikem Ikwuemesi,NGA,FW,OH Leuven,22,25.9,3,0,0,54,49,17,10,5,9,,,1
Marco Ilaimaharitra,MAD,MF,Kortrijk,29,11.9,5,0,0,18,10,0,12,12,17,,,0
Marko IliД‡,SRB,GK,Kortrijk,26,4.7,0,0,0,0,2,0,0,0,0,,,0
Atsuki Ito,JPN,MF,Gent,25,29.4,7,0,0,39,13,0,20,30,51,,,0
Ryotaro Ito,JPN,MF,Sint-Truiden,26,26.8,1,0,0,7,25,2,76,16,22,,,0
Franjo IvanoviД‡,CRO,"FW,MF",Union SG,20,28.2,3,0,0,43,41,14,16,7,16,,,0
Nordin Jackers,BEL,GK,Club Brugge,26,5.9,0,0,0,0,1,0,0,0,0,,,0
Vincent Janssen,NED,FW,Antwerp,30,32.6,9,0,0,49,57,22,16,12,25,,,0
Wolke Janssens,BEL,DF,Sint-Truiden,29,11.5,0,0,0,5,6,0,3,22,24,,,1
Ardon Jashari,SUI,MF,Club Brugge,22,30.7,3,0,0,30,43,1,51,25,26,,,0
Owen Jochmans,BEL,GK,OH Leuven,21,0.2,0,0,0,0,0,0,0,0,0,,,0
Edisson Jordanov,BUL,"DF,MF",Westerlo,31,0.8,0,0,0,2,3,0,4,2,1,,,0
Simen JuklerГёd,NOR,DF,Sint-Truiden,30,1.4,1,0,0,2,1,0,4,3,0,,,0
Andreas Jungdal,DEN,GK,Westerlo,22,17.0,0,0,0,1,1,0,0,1,0,,,0
Heriberto Jurado,MEX,MF,Cercle Brugge,19,0.0,0,0,0,0,0,0,0,0,0,,,0
Ferran JutglГ,ESP,"FW,MF",Club Brugge,25,19.0,2,0,0,16,34,10,19,3,13,,,0
Mathias JГёrgensen,DEN,DF,Anderlecht,34,15.7,4,1,0,14,7,0,0,16,15,,,0
Elton Kabangu,BEL,FW,Union SG,26,1.4,0,0,0,3,2,2,1,0,0,,,0
Jordan Kadiri,NGA,FW,Dender,24,0.5,0,0,0,0,0,1,1,0,0,,,0
Abdelkahar Kadri,ALG,"MF,FW",Kortrijk,24,24.2,8,1,1,14,34,8,141,13,25,,,1
Emmanuel Kakou,CIV,DF,Cercle Brugge,19,14.1,4,0,0,19,24,0,4,26,16,,,0
Marco Kana,BEL,DF,Anderlecht,21,0.5,0,0,0,0,1,0,0,0,1,,,0
Ibrahim KanatГ©,MLI,FW,Anderlecht,17,0.4,0,0,0,1,1,0,1,0,1,,,0
IsmaГ«l Kandouss,MAR,DF,Gent,26,0.0,0,0,0,0,0,0,0,0,0,,,0
Takuro Kaneko,JPN,"MF,FW",Kortrijk,27,9.9,2,0,0,12,9,2,79,8,14,,,0
Ibrahim Karamoko,FRA,MF,Standard LiГЁge,23,13.5,5,0,0,27,20,0,2,15,23,,,0
Konstantinos Karetsas,GRE,MF,Genk,16,18.4,2,0,0,31,59,6,121,2,15,,,0
Dermane Karim,TOG,"MF,FW",Kortrijk,20,11.3,1,0,0,18,15,0,14,5,28,,,0
Joris Kayembe,COD,DF,Genk,29,35.8,4,0,0,33,29,3,75,58,49,,,0
Charly Keita,FRA,FW,Beerschot Wilrijk,25,11.2,2,0,0,18,21,4,1,2,4,,,0
Check Keita,FRA,DF,Charleroi,21,17.4,6,1,1,11,9,2,1,8,21,,,0
Mandela Keita,BEL,MF,Antwerp,22,2.6,0,0,0,4,5,0,0,3,2,,,0
Gyrano Kerk,SUR,"MF,FW",Antwerp,28,34.3,5,0,0,59,36,21,45,13,44,,,0
Anan Khalaili,ISR,MF,Union SG,19,25.6,6,0,0,24,22,4,60,39,52,,,0
Bilal El Khannouss,MAR,MF,Genk,20,0.8,0,0,0,0,0,0,3,0,1,,,0
Mads Kikkenborg,DEN,GK,Anderlecht,24,2.0,0,0,0,0,1,0,0,0,0,,,0
Leo Kokubo,JPN,GK,Sint-Truiden,23,33.0,3,0,0,1,8,0,0,0,0,,,1
Hiiro komori,JPN,FW,Sint-Truiden,23,0.2,0,0,0,1,0,0,0,0,0,,,0
Mory KonatГ©,GUI,"MF,DF",Mechelen,30,3.0,1,0,0,5,4,1,0,4,3,,,0
Mohamed KonГ©,CIV,GK,Charleroi,22,21.0,2,0,0,2,2,0,0,0,1,,,1
JosuГ© Kongolo,BEL,DF,Genk,18,2.4,0,0,0,2,3,0,0,5,5,,,0
Tolis Konstantopoulos,GRE,DF,Beerschot Wilrijk,21,30.0,4,0,0,31,30,1,8,48,57,,,0
Ayouba Kosiah,LBR,"FW,MF",Beerschot Wilrijk,23,6.1,2,0,0,15,6,11,0,1,6,,,0
Koen Kostons,NED,FW,Kortrijk,24,4.4,1,0,0,13,3,1,6,0,7,,,0
Samuel Kotto,CMR,DF,Gent,20,7.3,0,0,0,8,6,1,1,9,6,,,0
Florian KrГјger,GER,FW,Beerschot Wilrijk,25,1.4,0,0,0,1,1,1,0,0,0,,,0
LГ©andre Kuavita,BEL,MF,Standard LiГЁge,20,27.3,2,0,0,19,24,1,38,17,11,,,0
Sven Kums,BEL,MF,Gent,36,11.6,2,0,0,11,9,1,58,11,13,,,0
Hasan KuruГ§ay,,DF,OH Leuven,26,20.5,5,1,0,17,13,1,2,18,15,,,0
Roman KvД›t,CZE,MF,Dender,26,30.4,6,1,1,28,37,3,52,26,29,,,0
Grejohn Kyei,FRA,FW,Standard LiГЁge,28,6.6,0,0,0,14,4,5,3,1,2,,,0
Rajiv van La Parra,NED,MF,Beerschot Wilrijk,33,10.3,1,0,0,14,30,1,21,8,8,,,0
Bram Lagae,BEL,DF,Kortrijk,20,19.4,5,1,0,23,12,0,10,29,15,,,0
Hugo Lambotte,BEL,DF,Sint-Truiden,18,0.4,0,0,0,1,0,0,0,0,0,,,0
Mohamed Lamine Bayo,GUI,FW,Antwerp,26,6.8,1,0,0,6,1,5,1,0,2,,,0
Didier Lamkel ZГ©,CMR,FW,Sint-Truiden,27,8.7,4,0,0,7,25,7,10,0,1,,,0
Senne Lammens,BEL,GK,Antwerp,22,40.0,1,0,0,1,5,0,0,0,0,,,1
Amando Lapage,BEL,DF,Westerlo,19,5.4,0,0,0,4,0,0,1,3,4,,,0
LoГЇc Lapoussin,MAD,"MF,DF",Union SG,28,17.1,2,0,0,13,24,2,69,27,23,,,0
Lion Lauberbach,GER,FW,Mechelen,26,21.9,4,1,0,29,30,12,27,2,13,,,0
Henry Lawrence,ENG,"DF,MF",Standard LiГЁge,22,28.5,5,1,0,24,40,0,15,40,25,,,0
Theo Leoni,BEL,"MF,DF",Anderlecht,24,17.8,3,0,0,19,14,2,24,21,21,,,0
Fedde Leysen,BEL,DF,Union SG,21,19.7,4,0,0,19,9,0,8,26,27,,,0
Tobe Leysen,BEL,GK,OH Leuven,22,37.8,5,0,0,2,9,0,0,1,0,,,0
Jonas Lietaert,BEL,DF,Cercle Brugge,20,0.6,0,0,0,0,0,0,1,1,3,,,0
Kilian Lokembo,BEL,MF,Standard LiГЁge,22,0.0,0,0,0,0,1,0,0,0,0,,,0
Ridwane M'Barki,BEL,"FW,MF",Dender,30,2.3,2,0,0,8,10,0,13,3,4,,,0
Ali Maamar,MAR,"DF,MF",Anderlecht,19,12.2,2,0,0,11,14,1,23,6,14,,,0
Kevin Mac Allister,ARG,"DF,MF",Union SG,26,30.9,12,1,1,60,22,0,17,54,77,,,0
Koki Machida,JPN,DF,Union SG,26,30.0,4,1,1,26,12,4,17,35,34,,,0
Nicolas Madsen,DEN,MF,Westerlo,24,4.0,0,0,0,2,2,1,3,5,5,,,0
Mathieu Maertens,BEL,"FW,MF",OH Leuven,29,9.0,1,0,0,14,17,9,10,5,5,,,0
Gary MagnГ©e,BEL,"MF,DF",Cercle Brugge,24,22.4,0,1,0,15,17,2,195,24,33,,,0
Mark Mampasi,UKR,DF,Kortrijk,21,11.5,4,1,1,16,5,0,4,17,12,,,1
JosГ© MarsГ,ESP,"DF,MF",Mechelen,22,32.2,5,0,0,38,32,1,44,31,36,,,0
Ar'jany Martha,CUW,"MF,FW",Beerschot Wilrijk,20,7.1,1,0,0,6,7,0,8,9,14,,,0
KГ©res Masangu,BEL,DF,Dender,24,2.8,1,0,0,3,0,0,0,2,1,,,0
Davor Matijas,CRO,GK,Beerschot Wilrijk,24,12.5,3,0,0,1,4,0,0,0,1,,,0
HervГ© Matthys,BEL,DF,Beerschot Wilrijk,28,10.1,1,0,0,8,3,0,17,21,4,,,1
Noam Mayoka-Tika,BEL,MF,Charleroi,20,0.1,0,0,0,1,0,0,0,0,0,,,0
Youssef Maziz,FRA,MF,OH Leuven,26,20.9,5,0,0,26,33,1,107,16,7,,,0
Jay-David Mbalanda,FRA,MF,Sint-Truiden,17,0.2,1,0,0,1,0,0,1,0,1,,,0
Noah Mbamba,BEL,MF,Dender,19,5.0,1,0,0,6,14,2,2,8,12,,,0
LoГЇc Mbe Soh,FRA,DF,Beerschot Wilrijk,23,28.0,1,0,0,25,8,3,1,23,29,,,0
Isaac Mbenza,BEL,"MF,FW",Charleroi,28,12.9,2,0,0,9,10,6,103,9,11,,,0
Mark McKenzie,USA,DF,Genk,25,0.0,0,0,0,0,0,0,0,0,0,,,0
Dire Mebude,SCO,MF,Westerlo,20,7.6,1,0,0,6,20,0,14,4,6,,,0
Brandon Mechele,BEL,DF,Club Brugge,31,40.0,2,0,0,24,18,0,0,52,44,,,0
Yaimar Medina,ECU,DF,Genk,19,1.3,0,0,0,2,3,1,4,1,3,,,0
Nayel Mehssatou,CHI,"MF,DF",Kortrijk,22,30.8,3,0,0,17,38,0,54,20,37,,,0
Bjorn Meijer,NED,DF,Club Brugge,21,4.0,0,0,0,2,6,1,16,0,4,,,0
Hamza Mendyl,MAR,"MF,DF",OH Leuven,26,6.5,1,0,0,10,5,1,14,3,13,,,0
Billal Messaoudi,ALG,FW,Kortrijk,26,6.9,4,0,0,8,7,6,4,0,2,,,0
Senna Miangue,BEL,DF,Cercle Brugge,27,8.9,5,0,0,10,4,1,4,8,6,,,0
Simion Michez,BEL,MF,Beerschot Wilrijk,22,5.4,2,0,0,7,13,0,8,7,9,,,0
Simon Mignolet,BEL,GK,Club Brugge,36,34.1,2,0,0,2,8,0,0,0,1,,,0
Jovan MijatoviД‡,SRB,FW,OH Leuven,19,1.9,3,1,1,8,8,0,1,0,1,,,0
Alan Minda,ECU,"FW,MF",Cercle Brugge,21,15.4,1,0,0,4,9,4,24,4,7,,,0
David Mindombe,BEL,DF,Sint-Truiden,23,1.0,0,0,0,0,0,0,0,1,0,,,0
Nacho Miras,ESP,GK,Mechelen,27,1.0,0,0,0,0,0,0,0,0,0,,,0
RenГ© Mitongo,BEL,FW,Standard LiГЁge,16,0.1,0,0,0,0,0,0,0,0,0,,,0
Stefan MitroviД‡,SRB,"MF,FW",OH Leuven,21,17.1,1,0,0,23,18,5,42,7,15,,,0
Stefan MitroviД‡,SRB,DF,Gent,34,15.3,5,0,0,11,6,0,0,15,14,,,0
RomГ©o Monticelli,BEL,DF,OH Leuven,18,0.0,0,0,0,0,0,0,0,0,0,,,0
Anthony Moris,LUX,GK,Union SG,34,40.0,2,0,0,2,4,0,1,0,1,,,0
Kerim Mrabti,SWE,"MF,FW",Mechelen,30,27.9,6,0,0,23,23,4,39,17,25,,,0
Suphanat Mueanta,THA,FW,OH Leuven,21,0.7,0,0,0,1,2,1,1,0,1,,,0
Irsan Muric,BEL,FW,Westerlo,19,0.0,0,0,0,0,0,0,0,0,0,,,0
Visar Musliu,MKD,DF,Sint-Truiden,29,8.1,3,0,0,4,9,0,0,20,12,,,0
Moussa N'Diaye,SEN,DF,Anderlecht,22,21.5,7,1,1,28,52,0,26,36,25,,,0
Konan N'dri,CIV,"MF,FW",OH Leuven,23,17.6,2,0,0,29,32,6,34,6,21,,,0
James Nam,BEL,MF,Standard LiГЁge,17,0.3,0,0,0,0,0,0,0,0,0,,,0
FlГЎvio Nazinho,POR,"MF,DF",Cercle Brugge,21,17.2,9,0,0,27,14,0,146,22,27,,,0
James Ndjeungoue,CMR,DF,Kortrijk,21,6.5,0,1,0,7,1,1,3,22,8,,,0
Roman NeustГ¤dter,RUS,DF,Westerlo,36,18.7,3,0,0,13,5,0,0,26,15,,,0
Steve Ngoura,FRA,FW,Cercle Brugge,19,4.3,0,0,0,4,8,4,2,0,1,,,0
Julien Ngoy,BEL,FW,Mechelen,26,1.3,1,0,0,2,2,1,2,0,0,,,0
Nathan Ngoy,BEL,DF,Standard LiГЁge,21,13.3,2,0,0,16,4,0,4,32,22,,,0
Adam Nhaili,BEL,FW,Sint-Truiden,18,2.3,0,0,0,4,2,0,5,0,1,,,0
Ousseynou Niang,SEN,MF,Union SG,22,19.2,8,0,0,34,43,9,47,14,39,,,0
Casper Nielsen,DEN,MF,Club Brugge,30,5.9,0,0,0,8,3,1,29,6,3,,,1
Gustaf Nilsson,SWE,FW,Club Brugge,27,20.5,2,0,0,48,33,5,4,3,12,,,0
Ken Nkuba,BEL,"DF,MF",Genk,22,6.5,3,0,0,9,4,0,20,7,13,,,0
Petter Nosa Dahl,NOR,MF,Mechelen,21,5.9,1,0,0,7,6,2,18,6,8,,,0
Lucas Noubi,BEL,DF,Standard LiГЁge,19,1.5,0,0,0,0,2,0,0,4,0,,,0
Bruny Nsimba,BEL,FW,Dender,24,28.9,6,1,0,31,35,18,36,2,15,,,0
Erick Nunes,BRA,MF,Cercle Brugge,20,20.1,3,0,0,23,21,4,50,26,45,,,0
Antonio Nusa,NOR,MF,Club Brugge,19,1.8,0,0,0,2,3,0,5,0,1,,,0
Roggerio Nyakossi,SUI,DF,OH Leuven,20,3.6,0,0,0,2,0,0,0,3,1,,,0
Mardochee Nzita,BEL,DF,Charleroi,24,11.5,4,0,0,18,19,3,31,9,26,,,0
Felix Nzouango,FRA,DF,Beerschot Wilrijk,21,0.5,0,0,0,0,2,0,0,1,1,,,0
Aiden O'Neill,AUS,MF,Standard LiГЁge,26,25.2,7,1,1,40,33,0,7,26,37,,,0
Denis Odoi,GHA,"MF,DF",Antwerp,36,24.7,12,2,2,42,33,0,19,27,20,,,0
Ryoya Ogawa,JPN,"MF,DF",Sint-Truiden,27,33.0,3,0,0,21,14,2,109,36,42,,,0
Ayumu Ohata,JPN,DF,OH Leuven,23,2.3,1,0,0,0,5,0,7,3,2,,,0
Kazeem Olaigbe,BEL,"MF,FW",Cercle Brugge,21,10.0,1,0,0,9,8,4,70,1,12,,,0
AimГ© Omgba,NED,"MF,FW",Gent,21,5.1,0,0,0,6,4,0,0,3,8,,,0
Takuma Ominami,JPN,DF,OH Leuven,26,18.4,2,0,0,11,5,0,5,11,19,,,0
Jacob Ondrejka,SWE,"MF,FW",Antwerp,21,16.8,2,0,0,10,33,7,78,2,12,,,0
Raphael Onyedika,NGA,MF,Club Brugge,23,27.1,5,1,0,46,29,1,3,21,28,,,0
Davis Opoku,BEL,DF,OH Leuven,16,0.2,0,0,0,1,2,0,0,0,0,,,0
Ragnar Oratmangoen,IDN,MF,Dender,26,11.2,1,0,0,14,15,1,8,7,17,,,0
Joel OrdГіГ±ez,ECU,DF,Club Brugge,20,28.9,5,0,0,25,13,1,4,23,18,,,1
Emir Ortakaya,TUR,DF,Westerlo,20,1.7,1,0,0,4,2,0,0,5,1,,,0
Manuel Osifo,BEL,"DF,MF",OH Leuven,21,14.0,4,0,0,21,11,0,14,20,16,,,0
Zakaria El Ouahdi,MAR,DF,Genk,22,34.3,7,0,0,32,32,3,62,36,42,,,0
Aziz Ouattara,CIV,MF,Mechelen,23,17.3,7,0,0,34,18,0,7,19,29,,,1
Kader Ouattara,BFA,MF,Cercle Brugge,19,3.1,1,0,0,6,8,0,9,1,4,,,0
Abdramane OuГ©draogo,BFA,FW,Standard LiГЁge,17,0.0,0,0,0,0,0,0,0,0,0,,,0
Aiham Ousou,SYR,DF,Charleroi,24,22.4,3,0,0,29,18,1,3,45,21,,,0
Luca Oyen,BEL,MF,Genk,21,0.0,0,0,0,0,0,0,1,0,0,,,0
AdriГЎn Palacios,VEN,DF,Genk,20,0.0,0,0,0,0,0,0,0,0,0,,,0
Louis Patris,BEL,MF,Sint-Truiden,23,24.2,9,0,0,33,19,0,66,37,70,,,0
Mike Penders,BEL,GK,Genk,19,21.0,2,1,1,2,3,0,0,0,0,,,0
Lucas Perrin,FRA,DF,Cercle Brugge,25,11.5,4,0,0,18,17,2,16,20,23,,,0
JГ©rГ©my PГ©tris,FRA,"DF,MF",Charleroi,26,33.6,7,0,0,42,76,3,97,43,42,,,0
Patrick PflГјcke,GER,"MF,DF",Mechelen,27,21.7,2,0,0,5,16,4,133,4,23,,,0
Arthur Piedfort,BEL,MF,Westerlo,19,17.1,5,0,0,13,21,1,6,15,22,,,0
Lucas Pirard,BEL,GK,Kortrijk,29,7.7,2,0,0,0,1,0,0,1,0,,,0
Brian Plat,NED,"DF,MF",Beerschot Wilrijk,24,27.6,6,1,0,26,15,2,34,32,39,,,0
Ewoud Pletinckx,BEL,DF,OH Leuven,23,16.0,1,0,0,5,3,0,2,7,10,,,0
Boris PopoviД‡,SRB,DF,Cercle Brugge,24,1.8,1,0,0,2,1,0,0,3,1,,,0
Dennis Praet,BEL,MF,Antwerp,30,16.4,0,0,0,20,10,1,31,14,17,,,0
Maxence Prevot,FRA,GK,OH Leuven,27,2.0,0,0,0,0,1,0,0,0,0,,,0
Isaac Price,NIR,MF,Standard LiГЁge,20,19.6,3,0,0,12,20,3,54,21,21,,,0
Cameron Puertas,SUI,MF,Union SG,25,2.2,1,0,0,4,7,1,9,1,3,,,0
Joedrick Pupe,BEL,"DF,MF",Dender,27,25.6,8,0,0,22,30,0,57,42,25,,,0
Toon Raemaekers,BEL,DF,Mechelen,23,31.4,3,0,0,39,27,1,9,43,51,,,0
Benito Raman,BEL,"FW,MF",Mechelen,29,15.8,3,1,0,20,15,22,21,1,8,,,0
Mathias Rasmussen,NOR,MF,Union SG,26,10.7,1,0,0,7,13,1,40,11,21,,,0
Christiaan Ravych,BEL,DF,Cercle Brugge,22,32.6,2,1,0,26,32,1,15,49,54,,,0
Daishawn Redan,NED,FW,Beerschot Wilrijk,23,5.4,1,0,0,4,5,5,0,0,1,,,0
Semm Renders,BEL,DF,Antwerp,16,10.2,2,0,0,9,6,0,19,10,13,,,0
Tom Reyners,BEL,"MF,FW",Beerschot Wilrijk,24,11.5,3,0,0,14,22,1,22,5,13,,,0
Bryan Reynolds,USA,"DF,MF",Westerlo,23,35.5,8,0,0,38,30,2,95,29,40,,,1
Federico Ricca,URU,DF,OH Leuven,29,26.3,8,1,0,28,19,1,9,30,25,,,0
JaГЇro Riedewald,NED,"DF,MF",Antwerp,27,14.5,1,1,0,10,7,0,2,20,27,,,0
Mats Rits,BEL,MF,Anderlecht,31,24.4,2,0,0,26,14,3,49,25,19,,,0
Nathan RГґdes,BEL,MF,Dender,26,38.2,4,0,0,31,23,0,25,38,48,,,0
Kevin RodrГ­guez,ECU,FW,Union SG,24,7.1,0,0,0,8,21,4,6,1,3,,,0
Davy Roef,BEL,GK,Gent,30,26.0,1,0,0,0,1,0,0,1,1,,,0
ЕЅan Rogelj,SVN,DF,Charleroi,24,12.3,1,0,0,4,6,1,46,14,13,,,0
Zaid Romero,ARG,DF,Club Brugge,24,6.9,1,0,0,3,6,0,1,8,7,,,0
Tuur Rommens,BEL,DF,Westerlo,21,36.5,9,0,0,30,38,3,85,61,50,,,1
Gilles Ruyssen,BEL,DF,Dender,30,37.5,6,0,0,34,23,0,4,72,44,,,0
Kyriani Sabbe,BEL,DF,Club Brugge,19,13.1,1,0,0,10,6,1,42,13,24,,,0
Mujaid Sadick,ESP,DF,Genk,24,36.7,7,1,0,32,17,1,0,31,41,,,0
Noah Sadiki,COD,MF,Union SG,19,36.7,6,0,0,41,39,0,22,38,40,,,0
Hakim Sahabo,RWA,MF,Beerschot Wilrijk,19,13.5,2,0,0,7,20,0,17,15,16,,,0
Marwan Al Sahafi,KSA,"FW,MF",Beerschot Wilrijk,20,20.4,1,0,0,3,7,9,13,6,4,,,0
Isa Sakamoto,JPN,MF,Westerlo,20,15.1,2,0,0,27,14,1,1,8,9,,,0
Matisse Samoise,BEL,"DF,MF",Gent,22,22.5,8,2,1,62,29,0,60,36,46,,,0
Ryan Sanusi,BEL,MF,Beerschot Wilrijk,32,11.4,0,0,0,13,17,0,30,12,11,,,0
Killian Sardella,BEL,"DF,MF",Anderlecht,22,21.8,6,0,0,12,15,0,88,11,30,,,0
Nikolas Sattlberger,AUT,MF,Genk,20,17.2,4,0,0,30,7,0,3,23,21,,,0
Allahyar Sayyadmanesh,IRN,"MF,FW",Westerlo,23,24.1,6,0,0,25,32,13,65,7,28,,,0
AurГ©lien Scheidler,FRA,FW,Dender,26,23.4,4,1,0,26,45,10,7,3,6,,,0
JoГ«l Schingtienne,BEL,DF,OH Leuven,21,4.0,0,0,0,3,1,0,1,4,5,,,0
Daniel Schmidt,JPN,GK,Gent,32,1.0,0,0,0,0,0,0,0,1,0,,,0
Rob Schoofs,BEL,MF,Mechelen,30,36.5,5,0,0,26,49,2,97,30,27,,,0
Siebe Schrijvers,BEL,MF,OH Leuven,28,30.2,6,0,0,36,39,1,87,50,51,,,1
Christopher Scott,GER,MF,Antwerp,22,3.1,0,0,0,3,4,1,2,3,3,,,0
Joaquin Seys,BEL,DF,Club Brugge,19,20.0,0,0,0,13,11,0,30,28,37,,,0
Nick Shinton,BEL,GK,Beerschot Wilrijk,23,20.5,1,1,0,2,1,0,0,0,1,,,0
JoГЈo Silva,POR,DF,Kortrijk,25,20.8,5,1,1,13,9,1,1,34,21,,,1
Leonardo da Silva Lopes,POR,MF,Gent,25,14.8,6,1,1,22,27,0,4,17,25,,,0
Jan-Carlo Simic,SRB,DF,Anderlecht,19,30.2,9,0,0,32,27,0,2,33,16,,,0
Roko Simic,CRO,FW,Kortrijk,20,1.6,1,0,0,3,2,0,0,0,0,,,0
Mate Е imiДЌiД‡,CRO,DF,Standard LiГЁge,19,0.0,0,0,0,0,0,0,0,0,0,,,0
Hugo Siquet,BEL,"DF,MF",Club Brugge,22,7.9,6,0,0,11,9,2,34,5,13,,,0
Abdoulaye Sissako,FRA,"MF,DF",Kortrijk,26,22.6,6,0,0,21,14,0,9,31,38,,,0
MichaЕ‚ SkГіraЕ›,POL,MF,Club Brugge,24,8.5,4,0,0,14,20,3,41,6,15,,,0
Andreas Skov Olsen,DEN,"MF,FW",Club Brugge,24,12.6,1,0,0,7,12,2,37,4,7,,,0
Islam Slimani,ALG,FW,Westerlo,36,4.3,1,0,0,3,3,4,2,0,3,,,0
Raf Smekens,BEL,MF,Westerlo,20,0.3,0,0,0,1,1,0,0,0,1,,,0
Matte Smets,BEL,DF,Genk,20,36.0,4,2,0,20,16,2,4,68,33,,,0
Milan Smits,BEL,MF,Antwerp,19,0.3,1,0,0,1,0,0,0,0,0,,,0
Jordy Soladio,BEL,FW,Dender,26,4.5,3,1,1,7,5,3,3,0,2,,,0
Thibo Somers,BEL,"MF,FW",Cercle Brugge,25,34.5,3,0,0,37,36,14,50,19,29,,,0
Momodou Sonko,SWE,MF,Gent,19,15.1,0,0,0,8,13,1,28,10,18,,,0
Yira Sor,NGA,"MF,FW",Genk,24,8.4,0,0,0,1,5,7,16,4,6,,,0
Ibrahima Sory Bangoura,GUI,MF,Genk,20,18.3,5,1,1,44,14,0,1,31,41,,,0
Christ Souanga,BEL,DF,OH Leuven,17,0.3,1,0,0,1,1,0,0,0,0,,,0
Mohamed Soumah,GUI,DF,Gent,21,2.0,0,0,0,1,3,0,0,2,0,,,1
Massamba Sow,FRA,DF,Charleroi,20,7.3,2,0,0,10,5,0,0,12,5,,,0
Jorne Spileers,BEL,DF,Club Brugge,19,5.6,0,0,0,5,0,0,0,3,3,,,0
Alexandre Stanic,BEL,FW,Antwerp,19,0.6,0,0,0,2,0,0,0,0,0,,,0
Lucas Stassin,BEL,FW,Westerlo,19,4.5,1,0,0,5,7,0,2,1,2,,,0
Jarne Steuckers,BEL,"MF,FW",Genk,22,34.4,1,0,0,12,18,5,236,12,12,,,0
Nikola Storm,BEL,"MF,FW",Mechelen,29,22.3,3,0,0,7,14,4,70,8,10,,,0
Mario Stroeykens,BEL,MF,Anderlecht,19,19.7,1,0,0,19,30,3,16,13,25,,,0
Nikola Е tuliД‡,SRB,FW,Charleroi,22,25.4,3,0,0,30,26,15,4,7,13,,,0
Franck Surdez,SUI,"MF,FW",Gent,22,13.6,2,0,0,18,20,1,38,5,17,,,0
Bosko Sutalo,CRO,DF,Standard LiГЁge,24,21.5,6,0,0,34,8,1,9,63,38,,,0
Serhiy Sydorchuk,UKR,MF,Westerlo,33,5.4,3,0,0,10,3,0,4,7,7,,,0
Ross Sykes,ENG,DF,Union SG,25,13.1,5,0,0,14,3,2,6,28,17,,,0
Dembo Sylla,GUI,MF,Dender,21,11.4,2,0,0,13,10,0,18,11,14,,,0
Youssuf Sylla,BEL,FW,Charleroi,21,4.4,0,0,0,12,9,0,2,1,1,,,0
Attila Szalai,HUN,DF,Standard LiГЁge,26,3.7,0,0,0,5,2,0,1,10,5,,,0
Tomoki Takamine,JPN,MF,Kortrijk,26,10.9,2,0,0,31,15,0,3,9,10,,,0
Chemsdine Talbi,MAR,"MF,FW",Club Brugge,19,13.5,1,0,0,4,8,3,65,8,14,,,0
Shogo Taniguchi,JPN,DF,Sint-Truiden,33,10.6,1,1,0,5,3,0,0,14,10,,,0
Henok Teklab,GER,MF,Union SG,25,2.9,0,0,0,2,1,1,7,5,4,,,0
Casper Terho,FIN,MF,Union SG,21,4.8,2,0,0,3,7,1,26,6,4,,,0
Jean Thierry Lazare,CIV,MF,Union SG,26,17.5,3,0,0,28,35,2,30,7,24,,,0
Yassine Titraoui,ALG,MF,Charleroi,21,23.4,5,0,0,33,32,0,23,34,38,,,1
Jordan Torunarigha,GER,DF,Gent,26,27.0,11,1,1,22,15,1,5,41,26,,,0
Ahmed Touba,ALG,DF,Mechelen,26,23.7,7,0,0,18,10,3,6,38,29,,,2
Mamadou TraorГ©,MLI,GK,Union SG,22,0.2,0,0,0,1,0,0,0,0,0,,,0
Derrick Tshimanga,BEL,DF,Beerschot Wilrijk,35,13.0,2,0,0,10,6,0,5,15,16,,,0
Antef Tsoungui,BEL,DF,OH Leuven,21,0.5,0,0,0,0,1,0,0,1,1,,,0
Ryotaro Tsunoda,JPN,DF,Kortrijk,25,11.0,2,0,0,7,18,0,1,22,15,,,0
Christos Tzolis,GRE,MF,Club Brugge,22,32.1,6,1,1,21,47,13,111,18,16,,,0
Victor Udoh,NGA,FW,Antwerp,19,1.0,0,0,0,4,4,2,5,1,1,,,0
Edgaras Utkus,LTU,DF,Cercle Brugge,24,14.4,6,1,0,20,11,1,2,22,21,,,0
Anthony Valencia,ECU,"MF,FW",Antwerp,21,9.9,3,0,0,14,13,1,22,9,17,,,0
Jules Van Cleemput,BEL,DF,Mechelen,27,3.5,2,1,1,1,2,0,2,10,3,,,0
Hendrik Van Crombrugge,BEL,GK,Genk,31,19.0,2,0,0,1,1,0,1,0,0,,,0
Zeno Van den Bosch,BEL,DF,Antwerp,21,40.0,6,0,0,39,11,1,2,49,41,,,1
Thomas Van den Keybus,BEL,MF,Westerlo,23,15.7,8,0,0,24,17,3,65,12,17,,,0
Hannes Van der Bruggen,BEL,MF,Cercle Brugge,31,28.0,10,0,0,33,24,0,25,39,48,,,0
Rein Van Helden,BEL,DF,Sint-Truiden,22,30.7,9,1,1,39,21,0,11,41,41,,,0
Koen Van Langendonck,BEL,GK,Westerlo,35,11.0,0,0,0,1,0,0,0,1,0,,,0
Jasper Van Oudenhove,BEL,MF,Dender,25,2.4,2,0,0,4,4,1,7,3,4,,,0
Hans Vanaken,BEL,MF,Club Brugge,31,38.2,4,0,0,26,34,1,24,15,28,,,0
ZalГЎn Vancsa,HUN,MF,Gent,19,0.9,0,0,0,1,2,0,1,0,0,,,0
Tom Vandenberghe,BEL,GK,Kortrijk,31,22.0,0,0,0,1,4,0,0,1,0,,,0
Gerard Vandeplas,BEL,FW,Antwerp,18,0.4,0,0,0,0,2,0,0,0,0,,,0
Zinho Vanheusden,BEL,DF,Mechelen,25,1.8,1,0,0,2,2,0,0,2,0,,,0
Charles Vanhoutte,BEL,MF,Union SG,25,29.8,4,1,0,31,31,1,131,42,45,,,0
Keano Vanrafelghem,BEL,"MF,FW",Mechelen,20,3.5,1,0,0,4,8,0,11,0,4,,,0
Robert-Jan Vanwesemael,BEL,"MF,DF",Sint-Truiden,22,17.9,4,0,0,25,7,2,43,19,24,,,0
Dante Vanzeir,BEL,FW,Gent,26,14.7,0,0,0,3,8,7,27,4,6,,,0
HГ©lio Varela,CPV,FW,Gent,22,1.6,2,0,0,2,7,2,7,1,1,,,0
Г“scar Vargas,BEL,FW,Beerschot Wilrijk,18,0.1,0,0,0,0,0,0,0,0,0,,,0
Luis VГЎzquez,ARG,FW,Anderlecht,23,13.2,3,0,0,17,13,8,3,0,11,,,0
Thibaud Verlinden,BEL,"MF,FW",Beerschot Wilrijk,25,28.599999999999998,4,1,0,26,26,5,184,8,20,,,0
Romeo Vermant,BEL,FW,Club Brugge,20,11.8,5,0,0,19,32,8,7,4,11,,,0
Michael Verrips,NED,GK,Dender,27,33.0,1,0,0,1,5,0,1,1,1,,,0
Yari Verschaeren,BEL,MF,Anderlecht,23,23.2,1,0,0,7,45,3,76,19,34,,,0
Birger Verstraete,BEL,MF,OH Leuven,30,31.6,12,0,0,47,43,1,55,67,40,,,0
Andreas Verstraeten,BEL,MF,Antwerp,18,6.5,1,0,0,9,1,0,2,7,10,,,0
Jan Vertonghen,BEL,DF,Anderlecht,37,4.0,2,0,0,4,3,0,0,3,1,,,0
Hugo Vetlesen,NOR,MF,Club Brugge,24,16.7,4,0,0,20,17,1,25,14,16,,,0
Malcolm Viltard,FRA,MF,Dender,21,20.2,3,0,0,22,29,0,32,37,28,,,0
Thibault Vlietinck,BEL,"DF,MF",OH Leuven,26,19.1,3,0,0,13,27,1,61,13,16,,,0
Luka VuЕЎkoviД‡,CRO,DF,Westerlo,17,33.0,6,1,0,23,24,0,5,36,19,,,1
Sandy Walsh,IDN,DF,Mechelen,29,2.2,1,0,0,2,2,0,1,1,1,,,0
Warleson,BRA,GK,Cercle Brugge,27,12.1,2,0,0,0,1,0,0,0,1,,,0
Tsuyoshi Watanabe,JPN,DF,Gent,27,33.9,4,0,0,23,15,0,2,38,27,,,0
Stephen Welsh,SCO,DF,Mechelen,24,14.5,3,0,0,7,8,1,3,16,12,,,0
Marco Weymans,BDI,"DF,MF",Beerschot Wilrijk,27,12.3,4,0,0,18,12,0,20,16,22,,,0
D'Margio Wright-Phillips,GRN,"FW,MF",Beerschot Wilrijk,22,1.8,0,0,0,3,2,0,2,1,0,,,0
Rihito Yamamoto,JPN,MF,Sint-Truiden,22,11.6,4,1,1,18,16,0,16,12,15,,,0
Elton Yeboah,BEL,FW,Mechelen,19,0.1,1,0,0,1,0,0,0,1,0,,,0
Daisuke Yokota,JPN,MF,Gent,24,2.6,1,0,0,2,5,0,1,0,1,,,0
Rhys Youlley,AUS,MF,Westerlo,19,0.6,0,0,0,0,0,0,0,1,3,,,0
Kadan Young,ENG,MF,Antwerp,18,1.1,0,0,0,2,2,0,4,1,1,,,0
Griffin Yow,USA,"MF,FW",Westerlo,21,24.2,3,0,0,24,23,5,70,9,39,,,0
Alhassan Yusuf,NGA,MF,Antwerp,24,0.1,0,0,0,0,0,0,0,0,0,,,0
Kahveh Zahiroleslam,USA,FW,Sint-Truiden,22,12.2,1,0,0,16,25,4,6,2,7,,,0
Lequincio Zeefuik,NED,FW,OH Leuven,19,8.1,2,0,0,24,14,2,3,0,7,,,0
Moncef Zekri,MAR,DF,Mechelen,15,1.7,0,0,0,0,0,0,7,3,1,,,0
Andi Zeqiri,SUI,FW,Standard LiГЁge,25,19.8,0,0,0,34,12,21,5,3,6,,,0
Adem Zorgane,ALG,MF,Charleroi,24,38.7,5,0,0,36,8,0,219,38,61,,,0
Viktor ДђukanoviД‡,MNE,FW,Standard LiГЁge,20,0.5,0,0,0,0,2,0,3,0,0,,,0
