Player,Nation,Pos,Squad,Age,MP,Starts,Min,90s,Gls,Ast,G+A,G-PK,PK,PKatt,CrdY,CrdR,Gls.1,Ast.1,G+A.1,G-PK.1,G+A-PK,Value,Sh,SoT,SoT%,Sh/90,SoT/90,G/Sh,G/SoT,2CrdY,Fls,Fld,Off,Crs,Int,TklW,OG
Ahmed Abdullahi,NGA,MF,Gent,20,1,0,1,0.0,0,0,0,0,0,0,0,0,0.0,0.0,0.0,0.0,0.0,1.0,0.0,0.0,0.0,0.0,0.0,0.0,0.0,0.0,0.0,1.0,0.0,0.0,0.0,0.0,0.0
Francis Abu,GHA,MF,Cercle Brugge,23,29,17,1659,18.4,0,4,4,0,0,0,1,0,0.0,0.22,0.22,0.0,0.22,1.8,22.0,2.0,9.1,1.09,0.1,0.0,0.0,1.0,23.0,24.0,0.0,12.0,18.0,53.0,0.0
Orseer Achihi,NGA,FW,Antwerp,17,1,0,28,0.3,0,0,0,0,0,0,1,0,0.0,0.0,0.0,0.0,0.0,0.0,1.0,0.0,0.0,3.21,0.0,0.0,0.0,0.0,2.0,0.0,0.0,0.0,0.0,0.0,0.0
Desmond Acquah,BEL,"MF,DF",Dender,22,13,0,231,2.6,0,0,0,0,0,0,1,0,0.0,0.0,0.0,0.0,0.0,0.3,4.0,1.0,25.0,1.17,0.29,0.0,0.0,0.0,5.0,5.0,2.0,6.0,3.0,10.0,0.0
Noah Adedeji,BEL,"FW,MF",Genk,19,23,5,525,5.8,3,3,6,3,0,0,0,0,0.51,0.51,1.03,0.51,1.03,4.5,27.0,12.0,44.4,2.79,1.24,0.15,0.33,0.0,6.0,18.0,4.0,25.0,14.0,13.0,0.0
Farouck Adekami,CIV,"FW,MF",Antwerp,17,3,1,129,1.4,0,0,0,0,0,0,1,0,0.0,0.0,0.0,0.0,0.0,0.2,5.0,2.0,40.0,3.49,1.4,0.0,0.0,0.0,1.0,1.0,0.0,1.0,0.0,1.0,0.0
Adryelson,BRA,DF,Anderlecht,26,7,6,542,6.0,1,0,1,1,0,0,0,0,0.17,0.0,0.17,0.17,0.17,3.5,6.0,3.0,50.0,0.76,0.38,0.17,0.33,0.0,2.0,4.0,0.0,1.0,10.0,7.0,0.0
Lawrence Agyekum,GHA,MF,Cercle Brugge,20,27,23,1963,21.8,0,0,0,0,0,0,2,0,0.0,0.0,0.0,0.0,0.0,2.5,40.0,12.0,30.0,1.5,0.45,0.05,0.17,0.0,23.0,32.0,2.0,29.0,40.0,51.0,0.0
Takahiro Akimoto,JPN,DF,OH Leuven,26,25,23,2027,22.5,0,0,0,0,0,0,6,0,0.0,0.0,0.0,0.0,0.0,1.5,15.0,2.0,13.3,0.67,0.09,0.0,0.0,0.0,18.0,22.0,0.0,12.0,25.0,38.0,0.0
Ali Akman,TUR,"FW,MF",Dender,22,4,0,44,0.5,1,0,1,1,0,0,0,0,2.05,0.0,2.05,2.05,2.05,0.35,1.0,1.0,100.0,2.05,2.05,1.0,1.0,0.0,0.0,2.0,0.0,1.0,0.0,3.0,0.0
Josimar Alcocer,CRC,"FW,MF",Westerlo,20,24,12,1309,14.5,1,0,1,1,0,0,6,0,0.07,0.0,0.07,0.07,0.07,2.2,31.0,12.0,38.7,1.58,0.61,0.03,0.08,0.0,20.0,27.0,1.0,22.0,20.0,49.0,0.0
Toby Alderweireld,BEL,DF,Antwerp,35,27,27,2425,26.9,3,2,5,3,0,0,6,0,0.11,0.07,0.19,0.11,0.19,2.0,27.0,7.0,25.9,1.0,0.26,0.07,0.29,0.0,16.0,11.0,1.0,8.0,26.0,10.0,0.0
Ryan Alebiosu,ENG,DF,Kortrijk,22,13,7,610,6.8,0,2,2,0,0,0,1,0,0.0,0.3,0.3,0.0,0.3,0.5,4.0,0.0,0.0,0.59,0.0,0.0,0.0,0.0,6.0,0.0,1.0,29.0,7.0,6.0,0.0
Sotiris Alexandropoulos,GRE,MF,Standard Liège,22,26,6,687,7.6,0,0,0,0,0,0,4,0,0.0,0.0,0.0,0.0,0.0,2.5,16.0,1.0,6.3,1.29,0.08,0.0,0.0,1.0,23.0,18.0,0.0,10.0,14.0,30.0,0.0
Arthur Alexis,BEL,MF,Sint-Truiden,18,1,0,12,0.1,0,0,0,0,0,0,0,0,0.0,0.0,0.0,0.0,0.0,0.0,1.0,0.0,0.0,7.5,0.0,0.0,0.0,0.0,0.0,1.0,0.0,1.0,0.0,1.0,0.0
Thierry Ambrose,GLP,FW,Kortrijk,27,29,18,1717,19.1,6,2,8,5,1,1,5,0,0.31,0.1,0.42,0.26,0.37,0.9,58.0,20.0,34.5,2.48,0.86,0.09,0.25,0.0,14.0,28.0,21.0,31.0,3.0,8.0,0.0
Francis Amuzu,BEL,FW,Anderlecht,24,18,7,715,7.9,2,2,4,2,0,0,1,0,0.25,0.25,0.5,0.25,0.5,4.0,18.0,6.0,33.3,2.27,0.76,0.11,0.33,0.0,6.0,14.0,6.0,55.0,3.0,8.0,0.0
Frederic Ananou,TOG,"DF,MF",Sint-Truiden,26,5,2,200,2.2,0,0,0,0,0,0,0,0,0.0,0.0,0.0,0.0,0.0,0.4,1.0,0.0,0.0,0.45,0.0,0.0,0.0,0.0,2.0,0.0,1.0,1.0,1.0,6.0,0.0
Stelios Andreou,CYP,DF,Charleroi,22,27,24,2174,24.2,1,0,1,1,0,0,5,1,0.04,0.0,0.04,0.04,0.04,3.5,11.0,3.0,27.3,0.32,0.09,0.09,0.33,1.0,15.0,7.0,1.0,5.0,43.0,26.0,0.0
Nilson Angulo,ECU,"FW,DF",Anderlecht,21,19,3,459,5.1,1,3,4,1,0,0,1,0,0.2,0.59,0.78,0.2,0.78,2.0,21.0,3.0,14.3,1.61,0.23,0.05,0.33,0.0,27.0,26.0,4.0,39.0,7.0,29.0,0.0
Bill Antonio,ZIM,"DF,FW",Mechelen,21,8,3,348,3.9,0,2,2,0,0,0,1,0,0.0,0.52,0.52,0.0,0.52,1.2,11.0,4.0,36.4,1.7,0.62,0.09,0.25,0.0,10.0,5.0,3.0,19.0,5.0,5.0,0.0
Tiago Araujo,POR,"DF,MF",Gent,23,16,5,583,6.5,0,1,1,0,0,0,2,0,0.0,0.15,0.15,0.0,0.15,1.3,27.0,6.0,22.2,1.83,0.41,0.0,0.0,0.0,10.0,10.0,2.0,74.0,3.0,18.0,1.0
Kristian Arnstad,NOR,DF,Anderlecht,20,1,0,25,0.3,0,0,0,0,0,0,0,0,0.0,0.0,0.0,0.0,0.0,2.5,0.0,0.0,0.0,0.0,0.0,0.0,0.0,0.0,0.0,0.0,0.0,3.0,1.0,0.0,0.0
Tolu Arokodare,NGA,FW,Genk,23,30,28,2314,25.7,17,5,22,17,0,1,2,0,0.66,0.19,0.86,0.66,0.86,18.0,157.0,51.0,32.5,4.62,1.5,0.13,0.41,0.0,42.0,40.0,19.0,6.0,5.0,10.0,0.0
Raymond Asante,GHA,"FW,MF",Charleroi,20,4,0,67,0.7,0,0,0,0,0,0,0,0,0.0,0.0,0.0,0.0,0.0,0.2,4.0,0.0,0.0,2.34,0.0,0.0,0.0,0.0,1.0,4.0,0.0,3.0,1.0,0.0,0.0
Majeed Ashimeru,GHA,MF,Anderlecht,26,13,3,382,4.2,1,1,2,1,0,0,2,0,0.24,0.24,0.47,0.24,0.47,1.5,9.0,2.0,22.2,1.38,0.31,0.11,0.5,0.0,14.0,21.0,1.0,0.0,7.0,13.0,0.0
Ludwig Augustinsson,SWE,DF,Anderlecht,30,16,9,852,9.5,1,1,2,1,0,0,1,0,0.11,0.11,0.21,0.11,0.21,3.0,8.0,2.0,25.0,0.56,0.14,0.13,0.5,0.0,18.0,6.0,0.0,66.0,21.0,24.0,0.0
Felipe Augusto,BRA,"FW,MF",Cercle Brugge,20,25,15,1386,15.4,2,2,4,2,0,1,1,0,0.13,0.13,0.26,0.13,0.26,2.2,51.0,21.0,41.2,2.93,1.21,0.04,0.1,0.0,33.0,26.0,15.0,15.0,6.0,10.0,0.0
Muhammed Badamosi,GAM,FW,Standard Liège,25,8,0,119,1.3,0,0,0,0,0,0,0,0,0.0,0.0,0.0,0.0,0.0,1.0,4.0,3.0,75.0,3.03,2.27,0.0,0.0,0.0,7.0,5.0,1.0,2.0,0.0,2.0,0.0
Youssouph Badji,SEN,FW,Charleroi,22,5,2,205,2.3,0,1,1,0,0,0,0,0,0.0,0.44,0.44,0.0,0.44,1.0,10.0,6.0,60.0,4.39,2.63,0.0,0.0,0.0,2.0,2.0,0.0,0.0,0.0,1.0,0.0
Bilal Bafdili,BEL,"MF,FW",Mechelen,19,25,5,882,9.8,2,0,2,2,0,0,3,0,0.2,0.0,0.2,0.2,0.2,0.9,16.0,4.0,25.0,1.38,0.35,0.13,0.5,0.0,15.0,8.0,2.0,35.0,4.0,9.0,0.0
Michel-Ange Balikwisha,BEL,"MF,FW",Antwerp,23,5,1,200,2.2,0,0,0,0,0,0,0,0,0.0,0.0,0.0,0.0,0.0,7.0,14.0,6.0,42.9,1.16,0.5,0.29,0.67,0.0,14.0,19.0,5.0,38.0,8.0,18.0,0.0
William Balikwisha,COD,"FW,MF",OH Leuven,25,25,12,1082,12.0,1,1,2,1,0,0,2,1,0.08,0.08,0.17,0.08,0.17,1.2,29.0,8.0,27.6,1.78,0.49,0.07,0.25,0.0,13.0,11.0,10.0,42.0,20.0,16.0,0.0
Sacha Banse,BFA,MF,Standard Liège,23,2,0,40,0.4,0,0,0,0,0,0,0,0,0.0,0.0,0.0,0.0,0.0,0.65,2.0,0.0,0.0,4.5,0.0,0.0,0.0,0.0,3.0,0.0,0.0,1.0,0.0,1.0,0.0
Ezechiel Banzuzi,NED,MF,OH Leuven,19,28,23,2083,23.1,2,5,7,2,0,0,8,1,0.09,0.22,0.3,0.09,0.3,13.0,43.0,14.0,32.6,1.56,0.51,0.05,0.14,1.0,51.0,45.0,0.0,18.0,18.0,51.0,0.0
Joselpho Barnes,GHA,"FW,MF",Sint-Truiden,22,9,0,119,1.3,0,0,0,0,0,0,0,0,0.0,0.0,0.0,0.0,0.0,0.2,3.0,1.0,33.3,2.27,0.76,0.0,0.0,0.0,1.0,0.0,1.0,0.0,0.0,0.0,0.0
Jelle Bataille,BEL,DF,Antwerp,25,19,19,1490,16.6,0,0,0,0,0,0,2,0,0.0,0.0,0.0,0.0,0.0,2.5,8.0,2.0,25.0,0.36,0.09,0.0,0.0,0.0,18.0,22.0,1.0,50.0,34.0,46.0,0.0
David Bates,SCO,DF,Standard Liège,27,9,9,776,8.6,0,0,0,0,0,0,0,0,0.0,0.0,0.0,0.0,0.0,2.2,3.0,0.0,0.0,0.35,0.0,0.0,0.0,0.0,6.0,7.0,0.0,0.0,15.0,10.0,0.0
Emin Bayram,TUR,DF,Westerlo,21,21,17,1503,16.7,1,0,1,1,0,0,8,2,0.06,0.0,0.06,0.06,0.06,3.5,11.0,4.0,36.4,0.45,0.16,0.09,0.25,2.0,20.0,12.0,1.0,6.0,44.0,24.0,1.0
Gavin Bazunu,IRL,GK,Standard Liège,22,6,6,540,6.0,0,0,0,0,0,0,0,0,0.0,0.0,0.0,0.0,0.0,9.0,0.0,0.0,0.0,0.0,0.0,0.0,0.0,0.0,0.0,1.0,0.0,0.0,0.0,1.0,0.0
Zineddine Belaid,ALG,DF,Sint-Truiden,25,12,10,911,10.1,0,0,0,0,0,0,2,0,0.0,0.0,0.0,0.0,0.0,0.8,6.0,2.0,33.3,0.59,0.2,0.0,0.0,0.0,10.0,1.0,0.0,0.0,13.0,8.0,0.0
Rafik Belghali,ALG,DF,Mechelen,22,26,15,1562,17.4,1,1,2,1,0,0,2,0,0.06,0.06,0.12,0.06,0.12,2.5,39.0,14.0,35.9,1.46,0.52,0.03,0.07,0.0,26.0,21.0,5.0,55.0,24.0,33.0,0.0
Quentin Benaets,BEL,"DF,FW",Charleroi,20,2,0,12,0.1,0,0,0,0,0,0,0,0,0.0,0.0,0.0,0.0,0.0,0.1,0.0,0.0,0.0,0.0,0.0,0.0,0.0,0.0,0.0,2.0,0.0,4.0,0.0,1.0,0.0
Mauricio Benitez,ARG,MF,Antwerp,20,6,5,347,3.9,0,0,0,0,0,0,1,0,0.0,0.0,0.0,0.0,0.0,0.8,3.0,1.0,33.3,0.69,0.23,0.0,0.0,0.0,5.0,1.0,0.0,0.0,7.0,2.0,0.0
Soufiane Benjdida,MAR,FW,Standard Liège,22,15,6,565,6.3,2,1,3,0,2,2,1,0,0.32,0.16,0.48,0.0,0.16,0.5,8.0,4.0,50.0,1.27,0.64,0.0,0.0,0.0,13.0,1.0,7.0,4.0,2.0,1.0,0.0
Antoine Bernier,BEL,FW,Charleroi,26,28,19,1667,18.5,3,3,6,3,0,0,5,0,0.16,0.16,0.32,0.16,0.32,1.5,47.0,11.0,23.4,1.82,0.43,0.11,0.45,0.0,23.0,25.0,9.0,62.0,12.0,44.0,0.0
Adriano Bertaccini,BEL,"FW,MF",Sint-Truiden,23,27,26,2221,24.7,16,1,17,14,2,2,8,0,0.65,0.04,0.69,0.57,0.61,4.5,113.0,50.0,44.2,3.7,1.64,0.17,0.38,0.0,34.0,32.0,17.0,14.0,7.0,11.0,0.0
Mohamed Berte,BEL,FW,Dender,22,28,14,1330,14.8,5,1,6,5,0,0,3,0,0.34,0.07,0.41,0.34,0.41,1.2,40.0,18.0,45.0,2.02,0.91,0.23,0.5,0.0,34.0,28.0,3.0,7.0,3.0,19.0,0.0
Mickael Biron,MTQ,"FW,MF",OH Leuven,26,11,0,122,1.4,0,0,0,0,0,0,0,0,0.0,0.0,0.0,0.0,0.0,1.2,1.0,1.0,100.0,0.74,0.74,0.0,0.0,0.0,0.0,3.0,0.0,4.0,0.0,3.0,0.0
Arnaud Bodart,BEL,GK,Standard Liège,26,2,2,180,2.0,0,0,0,0,0,0,0,0,0.0,0.0,0.0,0.0,0.0,2.5,0.0,0.0,0.0,0.0,0.0,0.0,0.0,0.0,0.0,0.0,0.0,0.0,0.0,0.0,0.0
Sinan Bolat,TUR,GK,Westerlo,35,11,11,990,11.0,0,0,0,0,0,0,3,0,0.0,0.0,0.0,0.0,0.0,0.15,0.0,0.0,0.0,0.0,0.0,0.0,0.0,0.0,0.0,3.0,0.0,0.0,0.0,1.0,0.0
Boli Bolingoli-Mbombo,BEL,DF,Standard Liège,29,12,3,474,5.3,0,0,0,0,0,0,3,0,0.0,0.0,0.0,0.0,0.0,0.5,4.0,1.0,25.0,0.46,0.12,0.0,0.0,0.0,19.0,15.0,2.0,19.0,9.0,14.0,0.0
Christopher Bonsu-Baah,GHA,"FW,MF",Genk,19,28,20,1816,20.2,3,3,6,3,0,0,1,0,0.15,0.15,0.3,0.15,0.3,7.5,49.0,13.0,26.5,1.73,0.46,0.06,0.23,0.0,35.0,80.0,7.0,85.0,17.0,30.0,0.0
Jordy Bos,AUS,"DF,FW",Westerlo,21,18,12,1029,11.4,4,3,7,4,0,0,2,0,0.35,0.26,0.61,0.35,0.61,2.7,31.0,12.0,38.7,2.71,1.05,0.13,0.33,0.0,7.0,12.0,1.0,36.0,15.0,13.0,0.0
Sofiane Boufal,MAR,MF,Union SG,30,16,8,662,7.4,0,3,3,0,0,0,4,0,0.0,0.41,0.41,0.0,0.41,3.5,13.0,2.0,15.4,1.73,0.27,0.0,0.0,0.0,16.0,19.0,0.0,23.0,4.0,10.0,0.0
Amine Boukamir,MAR,MF,Charleroi,17,1,0,11,0.1,0,0,0,0,0,0,0,0,0.0,0.0,0.0,0.0,0.0,0.3,0.0,0.0,0.0,0.0,0.0,0.0,0.0,0.0,2.0,0.0,0.0,0.0,1.0,2.0,0.0
Rosen Bozhinov,BUL,DF,Antwerp,19,7,1,115,1.3,0,0,0,0,0,0,2,0,0.0,0.0,0.0,0.0,0.0,0.4,1.0,1.0,100.0,0.57,0.57,0.0,0.0,1.0,6.0,1.0,0.0,0.0,5.0,2.0,0.0
Bilal Brahimi,ALG,"MF,FW",Sint-Truiden,24,21,16,1487,16.5,1,3,4,1,0,0,6,1,0.06,0.18,0.24,0.06,0.24,1.8,65.0,22.0,33.8,3.27,1.11,0.03,0.09,1.0,12.0,19.0,5.0,218.0,13.0,8.0,0.0
Archie Brown,ENG,DF,Gent,22,27,26,2283,25.4,1,3,4,1,0,0,6,0,0.04,0.12,0.16,0.04,0.16,7.0,25.0,9.0,36.0,0.85,0.31,0.04,0.11,0.0,32.0,25.0,3.0,105.0,28.0,29.0,0.0
Bruninho,BRA,"MF,FW",Cercle Brugge,21,11,4,419,4.7,1,1,2,1,0,0,0,0,0.21,0.21,0.43,0.21,0.43,1.5,10.0,2.0,20.0,1.74,0.35,0.1,0.5,0.0,2.0,10.0,0.0,16.0,1.0,7.0,0.0
Paris Brunner,GER,"FW,MF",Cercle Brugge,18,12,2,345,3.8,1,0,1,1,0,0,0,0,0.26,0.0,0.26,0.26,0.26,1.5,16.0,6.0,37.5,2.72,1.02,0.13,0.33,0.0,8.0,10.0,5.0,2.0,0.0,3.0,0.0
Massimo Bruno,BEL,MF,Kortrijk,30,18,6,581,6.5,0,0,0,0,0,0,1,0,0.0,0.0,0.0,0.0,0.0,0.3,17.0,5.0,29.4,2.62,0.77,0.0,0.0,0.0,8.0,7.0,0.0,29.0,1.0,9.0,0.0
Marko Bulat,CRO,"MF,FW",Standard Liège,22,23,16,1264,14.0,1,0,1,1,0,0,3,0,0.07,0.0,0.07,0.07,0.07,2.0,28.0,10.0,35.7,1.55,0.55,0.04,0.1,0.0,10.0,20.0,5.0,108.0,17.0,23.0,0.0
Christian Burgess,ENG,DF,Union SG,32,21,21,1890,21.0,0,2,2,0,0,0,8,0,0.0,0.1,0.1,0.0,0.1,2.2,11.0,3.0,27.3,0.37,0.1,0.09,0.33,0.0,28.0,9.0,0.0,2.0,25.0,29.0,0.0
Welat Cagro,BEL,MF,Beerschot,25,17,10,936,10.4,1,0,1,1,0,1,7,1,0.1,0.0,0.1,0.1,0.1,0.5,11.0,2.0,18.2,1.03,0.19,0.09,0.5,0.0,18.0,15.0,0.0,15.0,8.0,12.0,0.0
Alexandro Calut,BEL,"DF,MF",Standard Liège,21,8,2,193,2.1,0,0,0,0,0,0,0,0,0.0,0.0,0.0,0.0,0.0,0.4,2.0,0.0,0.0,0.6,0.0,0.0,0.0,0.0,5.0,4.0,0.0,9.0,8.0,5.0,0.0
Etienne Camara,FRA,MF,Charleroi,21,20,14,1075,11.9,0,1,1,0,0,0,5,0,0.0,0.08,0.08,0.0,0.08,1.8,9.0,2.0,22.2,0.54,0.12,0.0,0.0,0.0,24.0,6.0,1.0,5.0,17.0,25.0,0.0
Ilay Camara,SEN,DF,Standard Liège,21,26,24,2132,23.7,0,2,2,0,0,0,2,0,0.0,0.08,0.08,0.0,0.08,4.0,30.0,9.0,30.0,1.09,0.33,0.0,0.0,0.0,31.0,45.0,9.0,107.0,21.0,28.0,0.0
Shandre Campbell,RSA,FW,Club Brugge,19,1,0,6,0.1,0,0,0,0,0,0,0,0,0.0,0.0,0.0,0.0,0.0,1.0,4.0,0.0,0.0,25.71,0.0,0.0,0.0,0.0,0.0,0.0,0.0,4.0,0.0,0.0,0.0
Alessio Castro-Montes,BEL,"DF,FW",Union SG,27,15,12,1027,11.4,1,3,4,1,0,0,2,0,0.09,0.26,0.35,0.09,0.35,5.0,17.0,6.0,35.3,1.17,0.41,0.12,0.33,0.0,11.0,17.0,1.0,83.0,13.0,22.0,0.0
Tjaronn Chery,SUR,"MF,FW",Antwerp,36,29,29,2362,26.2,11,6,17,10,1,1,1,0,0.42,0.23,0.65,0.38,0.61,0.5,96.0,37.0,38.5,2.83,1.09,0.13,0.32,0.0,18.0,25.0,7.0,189.0,7.0,19.0,0.0
Antoine Colassin,BEL,"FW,MF",Beerschot,23,19,14,1208,13.4,2,4,6,2,0,0,4,1,0.15,0.3,0.45,0.15,0.45,0.75,45.0,12.0,26.7,2.49,0.66,0.09,0.33,0.0,20.0,27.0,0.0,23.0,15.0,14.0,0.0
Kobe Cools,BEL,DF,Dender,27,30,30,2636,29.3,0,1,1,0,0,0,4,0,0.0,0.03,0.03,0.0,0.03,0.8,14.0,5.0,35.7,0.39,0.14,0.0,0.0,0.0,33.0,6.0,1.0,3.0,72.0,25.0,1.0
Colin Coosemans,BEL,GK,Anderlecht,31,28,28,2520,28.0,0,0,0,0,0,0,0,0,0.0,0.0,0.0,0.0,0.0,1.5,1.0,1.0,100.0,0.03,0.03,0.0,0.0,0.0,0.0,8.0,0.0,0.0,1.0,2.0,0.0
Jo Coppens,BEL,GK,Sint-Truiden,33,3,3,270,3.0,0,0,0,0,0,0,2,0,0.0,0.0,0.0,0.0,0.0,0.15,0.0,0.0,0.0,0.0,0.0,0.0,0.0,0.0,1.0,0.0,0.0,0.0,0.0,0.0,0.0
Kobe Corbanie,BEL,"DF,MF",Antwerp,19,21,12,1179,13.1,0,0,0,0,0,0,2,0,0.0,0.0,0.0,0.0,0.0,1.7,4.0,3.0,75.0,0.28,0.21,0.0,0.0,0.0,13.0,13.0,0.0,13.0,23.0,25.0,0.0
Ayrton Costa,ARG,DF,Antwerp,25,15,15,1212,13.5,0,0,0,0,0,0,7,0,0.0,0.0,0.0,0.0,0.0,3.2,11.0,2.0,18.2,0.82,0.15,0.0,0.0,0.0,32.0,17.0,1.0,14.0,29.0,30.0,0.0
Carlos Cuesta,COL,DF,Genk,25,10,7,611,6.8,1,0,1,1,0,0,3,0,0.15,0.0,0.15,0.15,0.15,7.0,5.0,2.0,40.0,0.74,0.29,0.2,0.5,0.0,7.0,1.0,0.0,0.0,5.0,11.0,0.0
Karol Czubak,POL,FW,Kortrijk,24,5,0,63,0.7,0,1,1,0,0,0,0,0,0.0,1.43,1.43,0.0,1.43,0.6,2.0,1.0,50.0,2.2,1.1,0.0,0.0,0.0,4.0,1.0,0.0,0.0,1.0,0.0,0.0
Oday Dabbagh,PLE,FW,Charleroi,25,15,4,491,5.5,1,0,1,1,0,0,1,1,0.18,0.0,0.18,0.18,0.18,1.2,14.0,6.0,42.9,2.57,1.1,0.07,0.17,0.0,4.0,5.0,7.0,3.0,0.0,2.0,0.0
Colin Dagba,FRA,"DF,MF",Beerschot,25,19,18,1364,15.2,0,1,1,0,0,0,4,0,0.0,0.07,0.07,0.0,0.07,0.7,9.0,4.0,44.4,0.56,0.25,0.0,0.0,0.0,12.0,9.0,0.0,25.0,14.0,41.0,0.0
Jon Dagur Thorsteinsson,ISL,"MF,FW",OH Leuven,25,3,0,92,1.0,1,0,1,1,0,0,0,0,0.98,0.0,0.98,0.98,0.98,0.8,2.0,2.0,100.0,1.96,1.96,0.5,0.5,0.0,0.0,1.0,1.0,10.0,1.0,1.0,0.0
Jesper Daland,NOR,DF,Cercle Brugge,24,2,2,180,2.0,0,0,0,0,0,0,0,0,0.0,0.0,0.0,0.0,0.0,3.5,0.0,0.0,0.0,0.0,0.0,0.0,0.0,0.0,1.0,0.0,0.0,0.0,2.0,4.0,0.0
Elyess Dao,MAR,"MF,FW",Anderlecht,17,2,0,5,0.1,0,0,0,0,0,0,0,0,0.0,0.0,0.0,0.0,0.0,0.5,2.0,0.0,0.0,36.0,0.0,0.0,0.0,0.0,0.0,0.0,0.0,1.0,0.0,0.0,0.0
Gabriel David,NGA,"MF,FW",Antwerp,17,1,0,6,0.1,0,0,0,0,0,0,0,0,0.0,0.0,0.0,0.0,0.0,0.0,0.0,0.0,0.0,0.0,0.0,0.0,0.0,0.0,0.0,0.0,0.0,1.0,0.0,0.0,0.0
Promise David,CAN,FW,Union SG,23,24,16,1377,15.3,11,4,15,7,4,4,6,0,0.72,0.26,0.98,0.46,0.72,11.0,60.0,36.0,60.0,2.78,1.67,0.23,0.39,0.0,46.0,18.0,25.0,22.0,6.0,9.0,0.0
Maxim De Cuyper,BEL,DF,Club Brugge,23,27,24,2209,24.5,2,4,6,1,1,1,3,0,0.08,0.16,0.24,0.04,0.2,16.0,40.0,12.0,30.0,1.17,0.35,0.03,0.08,0.0,27.0,33.0,1.0,246.0,22.0,48.0,0.0
Gilles De Meyer,BEL,DF,Gent,17,4,0,18,0.2,1,0,1,1,0,0,0,0,5.0,0.0,5.0,5.0,5.0,0.7,1.0,1.0,100.0,0.6,0.6,1.0,1.0,0.0,3.0,7.0,0.0,1.0,1.0,2.0,0.0
Dion De Neve,BEL,DF,Kortrijk,22,26,20,1835,20.4,2,3,5,2,0,0,0,0,0.1,0.15,0.25,0.1,0.25,0.9,21.0,7.0,33.3,0.98,0.33,0.1,0.29,0.0,8.0,1.0,2.0,124.0,15.0,27.0,0.0
Kamiel Van De Perre,BEL,MF,Union SG,20,14,3,438,4.9,0,0,0,0,0,0,1,0,0.0,0.0,0.0,0.0,0.0,3.0,8.0,4.0,50.0,0.7,0.35,0.0,0.0,0.0,30.0,24.0,0.0,9.0,21.0,42.0,0.0
Tibe De Vlieger,BEL,"FW,DF",Gent,18,3,0,46,0.5,0,0,0,0,0,0,0,0,0.0,0.0,0.0,0.0,0.0,0.4,1.0,0.0,0.0,0.51,0.0,0.0,0.0,0.0,1.0,4.0,0.0,6.0,3.0,2.0,0.0
Nils De Wilde,BEL,MF,Cercle Brugge,21,8,0,115,1.3,0,0,0,0,0,0,1,0,0.0,0.0,0.0,0.0,0.0,0.4,1.0,1.0,100.0,0.66,0.66,0.0,0.0,0.0,1.0,0.0,1.0,9.0,0.0,4.0,0.0
Ortwin De Wolf,BEL,GK,Mechelen,27,30,30,2700,30.0,0,0,0,0,0,0,1,0,0.0,0.0,0.0,0.0,0.0,1.5,0.0,0.0,0.0,0.0,0.0,0.0,0.0,0.0,1.0,5.0,0.0,0.0,2.0,0.0,0.0
Max Dean,ENG,FW,Gent,20,17,12,971,10.8,6,1,7,5,1,1,3,0,0.56,0.09,0.65,0.46,0.56,3.5,35.0,17.0,48.6,3.24,1.58,0.14,0.29,0.0,13.0,14.0,7.0,6.0,3.0,3.0,0.0
Theo Defourny,BEL,GK,Charleroi,32,1,1,90,1.0,0,0,0,0,0,0,0,0,0.0,0.0,0.0,0.0,0.0,0.3,0.0,0.0,0.0,0.0,0.0,0.0,0.0,0.0,0.0,0.0,0.0,0.0,0.0,0.0,0.0
Tristan Degreef,BEL,"FW,MF",Anderlecht,19,10,4,380,4.2,0,0,0,0,0,0,4,0,0.0,0.0,0.0,0.0,0.0,2.0,5.0,1.0,20.0,0.86,0.17,0.0,0.0,0.0,9.0,15.0,0.0,18.0,8.0,12.0,0.0
Brecht Dejaegere,BEL,"MF,DF",Kortrijk,33,22,16,1357,15.1,1,1,2,1,0,0,4,0,0.07,0.07,0.13,0.07,0.13,0.5,19.0,4.0,21.1,1.13,0.24,0.05,0.25,0.0,28.0,37.0,4.0,58.0,28.0,31.0,0.0
Maxime Delanghe,BEL,GK,Cercle Brugge,23,21,21,1881,20.9,0,0,0,0,0,0,1,1,0.0,0.0,0.0,0.0,0.0,1.2,0.0,0.0,0.0,0.0,0.0,0.0,0.0,0.0,1.0,2.0,0.0,0.0,0.0,0.0,0.0
Martin Delavallee,BEL,GK,Charleroi,20,8,8,720,8.0,0,0,0,0,0,0,0,0,0.0,0.0,0.0,0.0,0.0,1.5,0.0,0.0,0.0,0.0,0.0,0.0,0.0,0.0,0.0,2.0,0.0,0.0,0.0,0.0,0.0
Mathias Delorge,BEL,MF,Gent,20,28,28,2388,26.5,1,3,4,1,0,0,3,0,0.04,0.11,0.15,0.04,0.15,9.0,30.0,9.0,30.0,0.86,0.26,0.03,0.11,0.0,34.0,28.0,2.0,107.0,34.0,36.0,0.0
Isaias Delpupo,ARG,"FW,DF",Sint-Truiden,21,8,1,139,1.5,0,0,0,0,0,0,1,2,0.0,0.0,0.0,0.0,0.0,0.4,4.0,3.0,75.0,2.59,1.94,0.0,0.0,0.0,4.0,6.0,0.0,3.0,0.0,2.0,0.0
Olivier Deman,BEL,DF,Antwerp,24,10,10,891,9.9,0,0,0,0,0,0,4,0,0.0,0.0,0.0,0.0,0.0,3.0,12.0,5.0,41.7,0.64,0.26,0.0,0.0,0.0,25.0,19.0,1.0,51.0,28.0,47.0,0.0
Bas van den Eynden,BEL,DF,Mechelen,22,9,8,724,8.0,3,0,3,3,0,0,2,0,0.37,0.0,0.37,0.37,0.37,0.7,10.0,3.0,30.0,0.88,0.26,0.3,1.0,0.0,14.0,3.0,0.0,1.0,11.0,9.0,0.0
Leander Dendoncker,BEL,"MF,DF",Anderlecht,29,20,19,1739,19.3,0,1,1,0,0,0,3,0,0.0,0.05,0.05,0.0,0.05,4.5,34.0,10.0,29.4,1.17,0.34,0.06,0.2,0.0,32.0,22.0,1.0,6.0,38.0,45.0,0.0
Kevin Denkey,TOG,FW,Cercle Brugge,23,17,14,1311,14.6,10,1,11,9,1,1,3,0,0.69,0.07,0.76,0.62,0.69,14.0,50.0,23.0,46.0,3.43,1.58,0.18,0.39,0.0,25.0,15.0,11.0,6.0,0.0,4.0,0.0
Djevencio van der Kust,SUR,DF,Beerschot,23,3,3,197,2.2,0,0,0,0,0,0,0,0,0.0,0.0,0.0,0.0,0.0,0.6,3.0,0.0,0.0,0.8,0.0,0.0,0.0,0.0,0.0,4.0,0.0,7.0,5.0,6.0,0.0
Alfie Devine,ENG,MF,Westerlo,19,21,18,1606,17.8,4,0,4,4,0,0,3,0,0.22,0.0,0.22,0.22,0.22,3.5,51.0,18.0,35.3,2.17,0.77,0.12,0.33,0.0,13.0,9.0,0.0,35.0,19.0,21.0,1.0
Julien Devriendt,BEL,GK,Dender,25,4,3,315,3.5,0,0,0,0,0,0,0,0,0.0,0.0,0.0,0.0,0.0,0.2,0.0,0.0,0.0,0.0,0.0,0.0,0.0,0.0,0.0,0.0,0.0,0.0,0.0,0.0,0.0
Gilles Dewaele,BEL,DF,Kortrijk,28,19,12,1094,12.2,1,0,1,1,0,0,1,0,0.08,0.0,0.08,0.08,0.08,0.5,8.0,3.0,37.5,0.66,0.25,0.13,0.33,0.0,13.0,6.0,0.0,36.0,12.0,9.0,0.0
Ibrahim Diakite,GUI,DF,Cercle Brugge,20,22,18,1647,18.3,2,0,2,2,0,0,2,1,0.11,0.0,0.11,0.11,0.11,1.2,7.0,4.0,57.1,0.3,0.17,0.43,0.75,0.0,26.0,34.0,1.0,28.0,29.0,24.0,0.0
Daan Dierckx,BEL,DF,Standard Liège,21,7,6,523,5.8,0,0,0,0,0,0,1,0,0.0,0.0,0.0,0.0,0.0,0.8,6.0,0.0,0.0,0.65,0.0,0.0,0.0,0.0,9.0,1.0,0.0,2.0,11.0,12.0,0.0
Guillaume Dietsch,FRA,GK,Dender,23,1,0,49,0.5,0,0,0,0,0,0,0,0,0.0,0.0,0.0,0.0,0.0,0.25,0.0,0.0,0.0,0.0,0.0,0.0,0.0,0.0,0.0,1.0,0.0,0.0,0.0,0.0,0.0
Alouis Diriken,BEL,MF,Sint-Truiden,20,2,2,147,1.6,0,0,0,0,0,0,0,0,0.0,0.0,0.0,0.0,0.0,0.15,0.0,0.0,0.0,0.0,0.0,0.0,0.0,0.0,3.0,1.0,0.0,0.0,2.0,0.0,0.0
Kasper Dolberg,DEN,FW,Anderlecht,26,22,22,1672,18.6,14,1,15,10,4,4,1,0,0.75,0.05,0.81,0.54,0.59,13.0,83.0,43.0,51.8,3.18,1.65,0.16,0.3,0.0,21.0,43.0,14.0,5.0,4.0,7.0,0.0
Mahamadou Doumbia,MLI,MF,Antwerp,20,21,18,1662,18.5,3,0,3,2,1,1,5,0,0.16,0.0,0.16,0.11,0.11,9.0,49.0,11.0,22.4,1.82,0.41,0.04,0.18,0.0,47.0,43.0,0.0,9.0,20.0,34.0,0.0
Souleyman Doumbia,CIV,DF,Standard Liège,27,10,1,186,2.1,0,0,0,0,0,0,0,0,0.0,0.0,0.0,0.0,0.0,1.0,1.0,0.0,0.0,0.48,0.0,0.0,0.0,0.0,1.0,4.0,0.0,5.0,4.0,5.0,0.0
Vetle Dragsnes,NOR,DF,Charleroi,30,28,25,2155,23.9,0,1,1,0,0,0,2,0,0.0,0.04,0.04,0.0,0.04,0.8,12.0,2.0,16.7,0.42,0.07,0.0,0.0,0.0,19.0,11.0,4.0,71.0,15.0,38.0,0.0
Anders Dreyer,DEN,FW,Anderlecht,26,18,16,1377,15.3,3,5,8,3,0,0,0,0,0.2,0.33,0.52,0.2,0.52,9.0,43.0,18.0,41.9,2.81,1.18,0.07,0.17,0.0,6.0,9.0,7.0,73.0,4.0,7.0,0.0
Olivier Dumont,BEL,"MF,FW",Sint-Truiden,22,13,5,441,4.9,1,0,1,1,0,0,0,0,0.2,0.0,0.2,0.2,0.2,0.4,12.0,3.0,25.0,2.28,0.57,0.08,0.33,0.0,8.0,7.0,1.0,7.0,1.0,10.0,0.0
Jean-Kevin Duverne,HAI,"DF,MF",Kortrijk,27,7,7,630,7.0,3,0,3,3,0,0,1,0,0.43,0.0,0.43,0.43,0.43,2.5,8.0,6.0,75.0,0.62,0.46,0.5,0.67,0.0,15.0,6.0,0.0,41.0,15.0,33.0,0.0
Dennis Eckert,GER,FW,Union SG,27,26,23,1994,22.2,7,0,7,6,1,2,2,0,0.3153153153153153,0.0,0.3153153153153153,0.2702702702702703,0.2702702702702703,2.5,80.0,32.0,40.0,2.49,1.0,0.1,0.25,0.0,37.0,50.0,9.0,59.0,8.0,25.0,0.0
Samuel Edozie,ENG,FW,Anderlecht,21,17,11,955,10.6,2,2,4,2,0,0,1,0,0.19,0.19,0.38,0.19,0.38,6.0,28.0,10.0,35.7,1.99,0.71,0.11,0.3,0.0,8.0,37.0,6.0,32.0,8.0,11.0,0.0
Malamine Efekele,FRA,"MF,FW",Cercle Brugge,20,13,2,243,2.7,0,0,0,0,0,0,0,0,0.0,0.0,0.0,0.0,0.0,0.4,0.0,0.0,0.0,0.0,0.0,0.0,0.0,0.0,2.0,8.0,0.0,4.0,3.0,3.0,0.0
Jurgen Ekkelenkamp,NED,MF,Antwerp,24,1,1,66,0.7,0,0,0,0,0,0,0,0,0.0,0.0,0.0,0.0,0.0,7.0,1.0,0.0,0.0,1.36,0.0,0.0,0.0,0.0,0.0,1.0,0.0,0.0,0.0,0.0,0.0
Nunzio Engwanda,BEL,DF,Anderlecht,16,2,1,63,0.7,0,0,0,0,0,0,0,0,0.0,0.0,0.0,0.0,0.0,0.9,1.0,0.0,0.0,1.43,0.0,0.0,0.0,0.0,3.0,0.0,0.0,0.0,0.0,0.0,0.0
Matthieu Epolo,BEL,GK,Standard Liège,19,19,18,1665,18.5,0,1,1,0,0,0,0,0,0.0,0.05,0.05,0.0,0.05,4.0,0.0,0.0,0.0,0.0,0.0,0.0,0.0,0.0,0.0,2.0,0.0,0.0,0.0,0.0,0.0
Alieu Fadera,GAM,MF,Genk,22,2,2,180,2.0,0,0,0,0,0,0,1,0,0.0,0.0,0.0,0.0,0.0,4.5,4.0,1.0,25.0,2.0,0.5,0.0,0.0,0.0,5.0,6.0,0.0,9.0,2.0,10.0,0.0
Noah Fadiga,SEN,"DF,MF",Gent,24,15,12,841,9.3,4,0,4,4,0,0,2,0,0.43,0.0,0.43,0.43,0.43,3.0,23.0,11.0,47.8,1.86,0.89,0.22,0.45,0.0,24.0,19.0,1.0,12.0,7.0,11.0,0.0
Omar Fayed,EGY,DF,Beerschot,21,11,9,740,8.2,0,1,1,0,0,0,5,0,0.0,0.12,0.12,0.0,0.12,1.0,1.0,0.0,0.0,0.11,0.0,0.0,0.0,0.0,13.0,12.0,0.0,0.0,20.0,15.0,0.0
Matias Fernandez-Pardo,BEL,"MF,FW",Gent,19,3,2,164,1.8,1,0,1,1,0,0,1,0,0.55,0.0,0.55,0.55,0.55,15.0,6.0,3.0,50.0,3.29,1.65,0.17,0.33,0.0,5.0,3.0,1.0,1.0,0.0,0.0,0.0
Andres Ferrari,URU,FW,Sint-Truiden,21,22,9,824,9.2,5,1,6,5,0,0,1,0,0.55,0.11,0.66,0.55,0.66,1.5,35.0,14.0,40.0,2.9,1.16,0.14,0.36,0.0,23.0,16.0,6.0,2.0,3.0,13.0,0.0
Fabio Ferraro,BEL,"DF,MF",Dender,21,30,29,2401,26.7,0,5,5,0,0,0,1,0,0.0,0.19,0.19,0.0,0.19,1.3,21.0,8.0,38.1,0.65,0.25,0.05,0.13,0.0,14.0,19.0,0.0,133.0,40.0,59.0,0.0
Nacho Ferri,ESP,FW,Kortrijk,19,27,22,1844,20.5,6,1,7,6,0,0,6,0,0.29,0.05,0.34,0.29,0.34,2.2,54.0,20.0,37.0,2.13,0.79,0.15,0.4,0.0,49.0,37.0,7.0,10.0,2.0,15.0,0.0
Karol Fila,POL,DF,Dender,26,5,5,366,4.1,1,0,1,1,0,0,3,0,0.25,0.0,0.25,0.25,0.25,0.6,4.0,3.0,75.0,0.98,0.74,0.25,0.33,0.0,7.0,3.0,2.0,8.0,7.0,8.0,0.0
Mathias Fixelles,BEL,"FW,MF",Westerlo,27,5,0,16,0.2,0,0,0,0,0,0,0,0,0.0,0.0,0.0,0.0,0.0,0.3,0.0,0.0,0.0,0.0,0.0,0.0,0.0,0.0,1.0,3.0,0.0,2.0,0.0,1.0,0.0
Alexis Flips,FRA,"FW,MF",Charleroi,24,11,2,279,3.1,0,0,0,0,0,0,1,0,0.0,0.0,0.0,0.0,0.0,1.0,16.0,3.0,18.75,4.44,0.83,0.0,0.0,0.0,6.0,3.0,0.0,43.0,3.0,4.0,0.0
Thomas Foket,BEL,DF,Anderlecht,29,11,5,525,5.8,0,2,2,0,0,0,0,0,0.0,0.34,0.34,0.0,0.34,1.5,5.0,2.0,40.0,0.79,0.32,0.0,0.0,0.0,7.0,5.0,1.0,24.0,8.0,5.0,0.0
Nurio Fortuna,ANG,"MF,DF",Gent,29,2,0,10,0.1,0,0,0,0,0,0,0,0,0.0,0.0,0.0,0.0,0.0,0.6,1.0,0.0,0.0,9.0,0.0,0.0,0.0,0.0,2.0,0.0,0.0,0.0,0.0,0.0,0.0
Marlon Fossey,USA,DF,Standard Liège,25,29,28,2525,28.1,0,1,1,0,0,0,2,0,0.0,0.04,0.04,0.0,0.04,5.0,17.0,3.0,17.6,0.45,0.08,0.0,0.0,0.0,17.0,23.0,7.0,96.0,54.0,27.0,0.0
Iver Fossum,NOR,MF,Kortrijk,28,11,2,233,2.6,0,0,0,0,0,0,0,0,0.0,0.0,0.0,0.0,0.0,0.5,2.0,1.0,50.0,0.77,0.39,0.0,0.0,0.0,0.0,1.0,0.0,3.0,0.0,5.0,0.0
Daam Foulon,BEL,"DF,MF",Mechelen,25,20,18,1593,17.7,3,3,6,3,0,0,3,0,0.17,0.17,0.34,0.17,0.34,2.5,17.0,6.0,35.3,0.94,0.33,0.18,0.5,0.0,12.0,36.0,6.0,50.0,13.0,24.0,1.0
Guillaume Francois,BEL,"DF,FW",Union SG,34,3,1,114,1.3,0,0,0,0,0,0,0,0,0.0,0.0,0.0,0.0,0.0,0.15,3.0,1.0,33.3,2.37,0.79,0.0,0.0,0.0,3.0,0.0,0.0,4.0,4.0,0.0,0.0
Matija Frigan,CRO,FW,Westerlo,21,29,21,1846,20.5,9,1,10,9,0,1,7,0,0.44,0.05,0.49,0.44,0.49,7.5,89.0,42.0,47.2,3.01,1.42,0.15,0.31,0.0,33.0,37.0,18.0,10.0,2.0,9.0,0.0
Haruya Fujii,JPN,DF,Kortrijk,23,18,17,1544,17.2,0,0,0,0,0,0,0,0,0.0,0.0,0.0,0.0,0.0,2.0,6.0,1.0,16.7,0.3,0.05,0.0,0.0,0.0,12.0,19.0,0.0,8.0,29.0,24.0,0.0
Joel Fujita,JPN,MF,Sint-Truiden,22,27,27,2399,26.7,0,3,3,0,0,0,6,0,0.0,0.11,0.11,0.0,0.11,3.0,21.0,4.0,19.0,0.64,0.12,0.0,0.0,0.0,44.0,16.0,0.0,13.0,54.0,69.0,0.0
Mohammed Fuseini,GHA,"FW,MF",Union SG,22,23,14,1290,14.3,6,1,7,5,1,1,3,0,0.42,0.07,0.49,0.35,0.42,4.5,48.0,15.0,31.3,2.56,0.8,0.17,0.53,0.0,27.0,23.0,14.0,8.0,7.0,7.0,0.0
Hugo Gambor,CTA,DF,Gent,21,18,14,1219,13.5,1,0,1,1,0,0,3,0,0.07,0.0,0.07,0.07,0.07,1.0,2.0,1.0,50.0,0.15,0.07,0.5,1.0,0.0,15.0,18.0,0.0,11.0,22.0,26.0,0.0
Omri Gandelman,ISR,"MF,FW",Gent,24,24,17,1517,16.9,4,3,7,4,0,0,2,0,0.24,0.18,0.42,0.24,0.42,4.0,36.0,14.0,38.9,1.79,0.7,0.14,0.36,0.0,30.0,11.0,8.0,6.0,12.0,24.0,0.0
Wouter George,BEL,MF,OH Leuven,22,8,1,172,1.9,0,0,0,0,0,0,0,0,0.0,0.0,0.0,0.0,0.0,0.7,8.0,0.0,0.0,0.99,0.0,0.0,0.0,0.0,15.0,9.0,0.0,24.0,3.0,16.0,0.0
Pieter Gerkens,BEL,MF,Gent,28,19,7,700,7.8,1,1,2,1,0,0,0,0,0.13,0.13,0.26,0.13,0.26,0.7,6.0,1.0,16.7,0.77,0.13,0.17,1.0,0.0,3.0,7.0,0.0,35.0,15.0,9.0,0.0
Faisal Al Ghamdi,KSA,MF,Beerschot,22,21,21,1747,19.4,0,1,1,0,0,1,5,1,0.0,0.05,0.05,0.0,0.05,1.5,29.0,8.0,27.6,1.19,0.33,0.0,0.0,0.0,32.0,23.0,4.0,18.0,32.0,46.0,0.0
Marc Giger,SUI,"DF,MF",Union SG,20,2,0,21,0.2,0,0,0,0,0,0,0,0,0.0,0.0,0.0,0.0,0.0,0.3,2.0,1.0,50.0,7.83,3.91,0.0,0.0,0.0,0.0,0.0,0.0,1.0,1.0,0.0,0.0
Oscar Gil,ESP,DF,OH Leuven,27,17,12,1006,11.2,1,0,1,1,0,0,4,1,0.09,0.0,0.09,0.09,0.09,0.7,10.0,3.0,30.0,0.62,0.19,0.1,0.33,0.0,25.0,37.0,1.0,22.0,19.0,30.0,0.0
Nick Gillekens,BEL,GK,Westerlo,29,1,1,90,1.0,0,0,0,0,0,0,0,0,0.0,0.0,0.0,0.0,0.0,0.25,0.0,0.0,0.0,0.0,0.0,0.0,0.0,0.0,0.0,2.0,0.0,0.0,0.0,0.0,0.0
Bruno Godeau,BEL,DF,Sint-Truiden,32,28,28,2457,27.3,0,0,0,0,0,0,3,0,0.0,0.0,0.0,0.0,0.0,0.4,14.0,4.0,28.6,0.49,0.14,0.0,0.0,0.0,20.0,11.0,0.0,12.0,40.0,33.0,0.0
Bryan Goncalves,FRA,DF,Dender,28,19,12,1028,11.4,0,1,1,0,0,0,6,0,0.0,0.09,0.09,0.0,0.09,0.6,6.0,2.0,33.3,0.31,0.1,0.17,0.5,0.0,21.0,15.0,0.0,111.0,34.0,25.0,1.0
Hyllarion Goore,CIV,"FW,MF",Gent,18,5,2,209,2.3,0,0,0,0,0,0,0,0,0.0,0.0,0.0,0.0,0.0,0.6,24.0,6.0,25.0,4.27,1.07,0.0,0.0,0.0,5.0,3.0,3.0,4.0,0.0,2.0,0.0
Keisuke Goto,JPN,FW,Anderlecht,19,6,2,154,1.7,1,0,1,1,0,0,0,0,0.58,0.0,0.58,0.58,0.58,1.2,7.0,3.0,42.9,2.94,1.26,0.29,0.67,0.0,4.0,0.0,0.0,0.0,0.0,2.0,0.0
Mouhamed Gueye,SEN,"DF,MF",Kortrijk,20,3,1,115,1.3,0,0,0,0,0,0,1,0,0.0,0.0,0.0,0.0,0.0,0.25,2.0,0.0,0.0,1.18,0.0,0.0,0.0,0.0,3.0,1.0,0.0,0.0,2.0,2.0,0.0
Parfait Guiagon,CIV,FW,Charleroi,23,26,25,1971,21.9,5,4,9,5,0,0,6,0,0.23,0.18,0.41,0.23,0.41,3.0,82.0,26.0,31.7,2.79,0.88,0.07,0.23,0.0,25.0,44.0,1.0,46.0,14.0,27.0,0.0
Muhammed Gumuskaya,TUR,"FW,MF",Westerlo,23,5,0,27,0.3,0,0,0,0,0,0,0,0,0.0,0.0,0.0,0.0,0.0,0.35,1.0,0.0,0.0,3.33,0.0,0.0,0.0,0.0,1.0,1.0,0.0,4.0,0.0,0.0,0.0
Patrik Gunnarsson,ISL,GK,Kortrijk,23,11,11,922,10.2,0,0,0,0,0,0,0,0,0.0,0.0,0.0,0.0,0.0,1.0,0.0,0.0,0.0,0.0,0.0,0.0,0.0,0.0,1.0,3.0,0.0,0.0,0.0,0.0,0.0
Andri Gudjohnsen,ISL,FW,Gent,22,26,13,1257,14.0,4,1,5,4,0,1,1,0,0.29,0.07,0.36,0.29,0.36,2.0,23.0,8.0,34.8,1.36,0.47,0.22,0.63,0.0,15.0,29.0,2.0,0.0,1.0,11.0,0.0
Anouar Ait El Hadj,BEL,MF,Union SG,22,19,12,1075,11.9,3,1,4,3,0,0,1,0,0.25,0.08,0.33,0.25,0.33,3.0,41.0,15.0,36.6,2.25,0.82,0.12,0.33,0.0,14.0,12.0,5.0,50.0,9.0,23.0,0.0
Geoffry Hairemans,BEL,"MF,FW",Mechelen,32,23,12,1186,13.2,2,2,4,2,0,0,1,0,0.15,0.15,0.3,0.15,0.3,0.5,16.0,5.0,31.3,0.93,0.29,0.13,0.4,0.0,16.0,22.0,3.0,68.0,13.0,19.0,0.0
Youssef Hamdaoui,BEL,DF,Antwerp,16,1,0,12,0.1,0,0,0,0,0,0,0,0,0.0,0.0,0.0,0.0,0.0,0.25,0.0,0.0,0.0,0.0,0.0,0.0,0.0,0.0,0.0,0.0,0.0,0.0,0.0,0.0,0.0
Fredrik Hammer,SWE,MF,Mechelen,23,10,9,787,8.7,0,0,0,0,0,0,1,0,0.0,0.0,0.0,0.0,0.0,1.5,11.0,3.0,27.3,0.6,0.16,0.0,0.0,0.0,35.0,14.0,0.0,4.0,36.0,36.0,0.0
Dogucan Haspolat,TUR,MF,Westerlo,24,29,29,2605,28.9,3,5,8,3,0,0,8,0,0.1,0.17,0.28,0.1,0.28,5.0,37.0,15.0,40.5,1.0,0.4,0.08,0.2,1.0,57.0,33.0,1.0,259.0,57.0,64.0,0.0
Ibe Hautekiet,BEL,DF,Standard Liège,22,25,25,2159,24.0,0,0,0,0,0,0,6,0,0.0,0.0,0.0,0.0,0.0,3.5,6.0,1.0,16.7,0.18,0.03,0.0,0.0,0.0,28.0,11.0,1.0,2.0,61.0,44.0,0.0
Thorgan Hazard,BEL,"FW,MF",Anderlecht,31,11,7,671,7.5,2,1,3,2,0,0,2,0,0.27,0.13,0.4,0.27,0.4,2.5,21.0,7.0,33.3,1.48,0.49,0.1,0.29,0.0,24.0,21.0,6.0,93.0,4.0,18.0,0.0
Ewan Henderson,SCO,"MF,FW",Beerschot,24,25,20,1695,18.8,2,1,3,2,0,1,3,1,0.11,0.05,0.16,0.11,0.16,0.6,36.0,9.0,25.0,1.45,0.36,0.08,0.33,0.0,16.0,34.0,4.0,109.0,14.0,23.0,0.0
Laurent Henkinet,BEL,GK,Standard Liège,31,4,4,315,3.5,0,0,0,0,0,0,0,0,0.0,0.0,0.0,0.0,0.0,0.25,0.0,0.0,0.0,0.0,0.0,0.0,0.0,0.0,0.0,0.0,0.0,0.0,0.0,0.0,0.0
Lennard Hens,BEL,MF,Dender,28,18,8,748,8.3,1,1,2,1,0,0,0,0,0.12,0.12,0.24,0.12,0.24,0.4,23.0,4.0,17.4,1.88,0.33,0.04,0.25,0.0,22.0,19.0,1.0,79.0,21.0,18.0,0.0
Lucas Hey,DEN,DF,Anderlecht,21,8,7,649,7.2,0,0,0,0,0,0,2,0,0.0,0.0,0.0,0.0,0.0,5.0,5.0,1.0,20.0,0.31,0.06,0.0,0.0,0.0,10.0,17.0,1.0,2.0,11.0,14.0,0.0
Daan Heymans,BEL,MF,Charleroi,25,29,29,2516,28.0,11,1,12,7,4,5,6,0,0.39,0.04,0.43,0.25,0.29,3.0,103.0,40.0,38.8,2.79,1.08,0.09,0.23,0.0,50.0,16.0,5.0,37.0,19.0,36.0,0.0
Bryan Heynen,BEL,MF,Genk,27,28,26,2351,26.1,0,2,2,0,0,0,3,0,0.0,0.08,0.08,0.0,0.08,11.0,33.0,6.0,18.2,0.97,0.18,0.0,0.0,0.0,28.0,35.0,1.0,25.0,54.0,45.0,0.0
Kyan Himpe,BEL,"FW,DF",Kortrijk,18,1,0,4,0.0,0,0,0,0,0,0,0,0,0.0,0.0,0.0,0.0,0.0,0.0,1.0,1.0,100.0,9.0,9.0,0.0,0.0,0.0,0.0,0.0,0.0,0.0,0.0,0.0,0.0
Andrew Hjulsager,DEN,"FW,MF",Gent,29,7,7,443,4.9,0,1,1,0,0,0,1,0,0.0,0.2,0.2,0.0,0.2,0.6,17.0,5.0,29.4,2.69,0.79,0.0,0.0,0.0,11.0,9.0,0.0,46.0,3.0,9.0,0.0
Tom Holmes,ENG,DF,Dender,24,2,1,94,1.0,0,0,0,0,0,0,1,0,0.0,0.0,0.0,0.0,0.0,1.8,3.0,2.0,66.7,2.87,1.91,0.0,0.0,0.0,1.0,0.0,0.0,1.0,1.0,2.0,0.0
Milo Horemans,BEL,MF,Antwerp,18,1,0,29,0.3,0,0,0,0,0,0,0,0,0.0,0.0,0.0,0.0,0.0,0.0,1.0,0.0,0.0,3.1,0.0,0.0,0.0,0.0,0.0,1.0,0.0,0.0,1.0,0.0,0.0
Andreas Hountondji,BEN,FW,Standard Liège,22,10,2,317,3.5,1,0,1,1,0,0,0,0,0.28,0.0,0.28,0.28,0.28,2.5,26.0,12.0,46.2,2.67,1.23,0.15,0.33,0.0,6.0,2.0,8.0,15.0,1.0,1.0,0.0
David Hrncar,SVK,DF,Dender,26,25,18,1597,17.7,2,2,4,2,0,0,1,1,0.11,0.11,0.23,0.11,0.23,1.2,25.0,12.0,48.0,1.02,0.49,0.16,0.33,0.0,11.0,6.0,2.0,137.0,27.0,27.0,0.0
Patrik Hrosovsky,SVK,MF,Genk,32,26,19,1687,18.7,6,2,8,6,0,0,2,0,0.32,0.11,0.43,0.32,0.43,2.7,39.0,16.0,41.0,1.58,0.65,0.15,0.38,0.0,13.0,27.0,0.0,36.0,9.0,20.0,0.0
Cesar Huerta,MEX,"MF,FW",Anderlecht,23,9,7,615,6.8,2,2,4,2,0,0,0,0,0.29,0.29,0.59,0.29,0.59,6.0,19.0,4.0,21.1,1.55,0.33,0.16,0.75,0.0,19.0,24.0,1.0,19.0,2.0,11.0,0.0
Dean Huiberts,NED,MF,Beerschot,24,10,4,345,3.8,0,0,0,0,0,0,1,0,0.0,0.0,0.0,0.0,0.0,0.3,2.0,1.0,50.0,0.46,0.23,0.0,0.0,0.0,9.0,4.0,0.0,4.0,6.0,13.0,0.0
Oh Hyeon-gyu,KOR,FW,Genk,23,27,2,436,4.8,7,1,8,4,3,3,1,0,1.44,0.21,1.65,0.83,1.03,3.5,37.0,21.0,56.8,5.2,2.95,0.16,0.29,0.0,6.0,13.0,4.0,3.0,0.0,4.0,0.0
Hong Hyunseok,KOR,MF,Gent,25,3,3,248,2.8,0,0,0,0,0,0,0,0,0.0,0.0,0.0,0.0,0.0,3.5,0.0,0.0,0.0,0.0,0.0,0.0,0.0,0.0,0.0,5.0,0.0,14.0,1.0,2.0,0.0
Mounaim El Idrissy,FRA,"DF,FW",Kortrijk,25,15,3,345,3.8,0,0,0,0,0,0,5,0,0.0,0.0,0.0,0.0,0.0,0.5,2.0,1.0,50.0,0.52,0.26,0.0,0.0,0.0,9.0,13.0,2.0,9.0,5.0,7.0,0.0
Chukwubuikem Ikwuemesi,NGA,FW,OH Leuven,22,27,15,1536,17.1,4,0,4,4,0,0,2,0,0.23,0.0,0.23,0.23,0.23,2.0,57.0,11.0,19.3,2.2,0.43,0.11,0.55,0.0,54.0,49.0,17.0,10.0,5.0,9.0,1.0
Marco Ilaimaharitra,MAD,MF,Kortrijk,29,8,7,629,7.0,1,0,1,1,0,0,2,0,0.14,0.0,0.14,0.14,0.14,0.8,7.0,1.0,14.3,0.59,0.08,0.14,1.0,0.0,18.0,10.0,0.0,12.0,12.0,17.0,0.0
Marko Ilic,SRB,GK,Kortrijk,26,5,5,425,4.7,0,0,0,0,0,0,0,0,0.0,0.0,0.0,0.0,0.0,0.7,0.0,0.0,0.0,0.0,0.0,0.0,0.0,0.0,0.0,2.0,0.0,0.0,0.0,0.0,0.0
Atsuki Ito,JPN,MF,Gent,25,25,21,1909,21.2,2,1,3,2,0,0,6,0,0.09,0.05,0.14,0.09,0.14,3.0,33.0,11.0,33.3,1.12,0.37,0.06,0.18,0.0,39.0,13.0,0.0,20.0,30.0,51.0,0.0
Ryotaro Ito,JPN,MF,Sint-Truiden,26,28,23,2009,22.3,2,3,5,2,0,0,0,0,0.09,0.13,0.22,0.09,0.22,2.5,45.0,13.0,28.9,1.68,0.49,0.04,0.15,0.0,7.0,25.0,2.0,76.0,16.0,22.0,0.0
Franjo Ivanovic,CRO,"FW,MF",Union SG,20,24,22,1759,19.5,11,4,15,10,1,1,2,0,0.56,0.2,0.77,0.51,0.72,13.0,94.0,51.0,54.3,3.33,1.81,0.14,0.25,0.0,43.0,41.0,14.0,16.0,7.0,16.0,0.0
Nordin Jackers,BEL,GK,Club Brugge,26,1,0,31,0.3,0,0,0,0,0,0,0,0,0.0,0.0,0.0,0.0,0.0,1.2,0.0,0.0,0.0,0.0,0.0,0.0,0.0,0.0,0.0,1.0,0.0,0.0,0.0,0.0,0.0
Vincent Janssen,NED,"FW,MF",Antwerp,30,28,28,2488,27.6,10,6,16,10,0,1,8,0,0.36,0.22,0.58,0.36,0.58,7.0,88.0,38.0,43.2,2.7,1.16,0.13,0.29,0.0,49.0,57.0,22.0,16.0,12.0,25.0,0.0
Wolke Janssens,BEL,DF,Sint-Truiden,29,14,9,882,9.8,0,0,0,0,0,0,0,0,0.0,0.0,0.0,0.0,0.0,0.4,1.0,1.0,100.0,0.09,0.09,0.0,0.0,0.0,5.0,6.0,0.0,3.0,22.0,24.0,1.0
Ardon Jashari,SUI,MF,Club Brugge,22,25,21,1877,20.9,2,4,6,2,0,0,3,0,0.1,0.19,0.29,0.1,0.29,32.0,38.0,14.0,36.8,1.24,0.46,0.08,0.21,0.0,30.0,43.0,1.0,51.0,25.0,26.0,0.0
Edisson Jordanov,BUL,DF,Westerlo,31,4,0,73,0.8,0,0,0,0,0,0,0,0,0.0,0.0,0.0,0.0,0.0,0.25,0.0,0.0,0.0,0.0,0.0,0.0,0.0,0.0,2.0,3.0,0.0,4.0,2.0,1.0,0.0
Simen Juklerod,NOR,"DF,FW",Sint-Truiden,30,5,1,98,1.1,0,0,0,0,0,0,0,0,0.0,0.0,0.0,0.0,0.0,0.3,3.0,0.0,0.0,2.2,0.0,0.0,0.0,0.0,2.0,1.0,0.0,4.0,3.0,0.0,0.0
Andreas Jungdal,DEN,GK,Westerlo,22,8,8,720,8.0,0,0,0,0,0,0,0,0,0.0,0.0,0.0,0.0,0.0,1.5,0.0,0.0,0.0,0.0,0.0,0.0,0.0,0.0,1.0,1.0,0.0,0.0,1.0,0.0,0.0
Heriberto Jurado,MEX,MF,Cercle Brugge,19,1,0,1,0.0,0,0,0,0,0,0,0,0,0.0,0.0,0.0,0.0,0.0,1.5,0.0,0.0,0.0,0.0,0.0,0.0,0.0,0.0,0.0,0.0,0.0,0.0,0.0,0.0,0.0
Ferran Jutglà,ESP,"FW,MF",Club Brugge,25,27,9,1117,12.4,8,2,10,8,0,0,2,0,0.64,0.16,0.81,0.64,0.81,8.0,80.0,35.0,43.8,4.2,1.84,0.13,0.29,0.0,16.0,34.0,10.0,19.0,3.0,13.0,0.0
Mathias Jorgensen,DEN,DF,Anderlecht,34,17,16,1417,15.7,0,2,2,0,0,0,4,1,0.0,0.13,0.13,0.0,0.13,0.5,9.0,1.0,11.1,0.57,0.06,0.0,0.0,0.0,14.0,7.0,0.0,0.0,16.0,15.0,0.0
Elton Kabangu,BEL,"FW,MF",Union SG,26,7,1,122,1.4,0,0,0,0,0,0,0,0,0.0,0.0,0.0,0.0,0.0,0.6,1.0,0.0,0.0,0.74,0.0,0.0,0.0,0.0,3.0,2.0,2.0,1.0,0.0,0.0,0.0
Abdelkahar Kadri,ALG,"MF,FW",Kortrijk,24,23,19,1659,18.4,1,6,7,1,0,0,7,1,0.05,0.33,0.38,0.05,0.38,2.2,49.0,14.0,28.6,2.02,0.58,0.08,0.29,1.0,14.0,34.0,8.0,141.0,13.0,25.0,1.0
Emmanuel Kakou,CIV,DF,Cercle Brugge,19,17,14,1264,14.0,1,0,1,1,0,0,4,0,0.07,0.0,0.07,0.07,0.07,1.0,11.0,4.0,36.4,0.78,0.28,0.09,0.25,0.0,19.0,24.0,0.0,4.0,26.0,16.0,0.0
Ismael Kandouss,MAR,MF,Gent,26,1,0,4,0.0,0,0,0,0,0,0,0,0,0.0,0.0,0.0,0.0,0.0,2.0,0.0,0.0,0.0,0.0,0.0,0.0,0.0,0.0,0.0,0.0,0.0,0.0,0.0,0.0,0.0
Takuro Kaneko,JPN,"MF,FW",Kortrijk,27,16,11,894,9.9,1,0,1,1,0,0,2,0,0.1,0.0,0.1,0.1,0.1,1.5,11.0,2.0,18.2,1.11,0.2,0.09,0.5,0.0,12.0,9.0,2.0,79.0,8.0,14.0,0.0
Ibrahim Karamoko,FRA,MF,Standard Liège,23,9,5,449,5.0,0,0,0,0,0,0,4,0,0.0,0.0,0.0,0.0,0.0,0.8,7.0,1.0,14.3,0.52,0.07,0.0,0.0,0.0,27.0,20.0,0.0,2.0,15.0,23.0,0.0
Konstantinos Karetsas,GRE,MF,Genk,16,25,14,1160,12.9,2,2,4,2,0,0,1,0,0.16,0.16,0.31,0.16,0.31,20.0,47.0,14.0,29.8,2.56,0.76,0.06,0.21,0.0,31.0,59.0,6.0,121.0,2.0,15.0,0.0
Dermane Karim,TOG,"MF,FW",Kortrijk,20,9,8,686,7.6,1,1,2,1,0,0,0,0,0.13,0.13,0.26,0.13,0.26,3.0,19.0,6.0,31.6,1.69,0.53,0.05,0.17,0.0,18.0,15.0,0.0,14.0,5.0,28.0,0.0
Joris Kayembe,COD,DF,Genk,29,29,27,2446,27.2,1,1,2,1,0,0,2,0,0.04,0.04,0.07,0.04,0.07,3.0,17.0,3.0,17.6,0.47,0.08,0.12,0.67,0.0,33.0,29.0,3.0,75.0,58.0,49.0,0.0
Charly Keita,FRA,"FW,MF",Beerschot,25,20,9,1004,11.2,1,1,2,1,0,0,2,0,0.09,0.09,0.18,0.09,0.18,0.55,22.0,7.0,31.8,1.97,0.63,0.05,0.14,0.0,18.0,21.0,4.0,1.0,2.0,4.0,0.0
Check Keita,FRA,DF,Charleroi,21,16,14,1187,13.2,0,0,0,0,0,0,6,1,0.0,0.0,0.0,0.0,0.0,2.0,8.0,3.0,37.5,0.46,0.17,0.25,0.67,1.0,11.0,9.0,2.0,1.0,8.0,21.0,0.0
Mandela Keita,BEL,"MF,DF",Antwerp,22,5,2,238,2.6,0,0,0,0,0,0,0,0,0.0,0.0,0.0,0.0,0.0,12.0,0.0,0.0,0.0,0.0,0.0,0.0,0.0,0.0,4.0,5.0,0.0,0.0,3.0,2.0,0.0
Gyrano Kerk,SUR,"FW,MF",Antwerp,28,29,28,2327,25.9,5,4,9,5,0,0,3,0,0.19,0.15,0.35,0.19,0.35,3.0,54.0,22.0,40.7,1.57,0.64,0.13,0.32,0.0,59.0,36.0,21.0,45.0,13.0,44.0,0.0
Anan Khalaili,ISR,"DF,FW",Union SG,19,24,16,1500,16.7,1,2,3,1,0,0,4,0,0.06,0.12,0.18,0.06,0.18,8.0,39.0,17.0,43.6,1.52,0.66,0.05,0.12,0.0,24.0,22.0,4.0,60.0,39.0,52.0,0.0
Bilal El Khannouss,MAR,MF,Genk,20,1,1,68,0.8,0,1,1,0,0,0,0,0,0.0,1.32,1.32,0.0,1.32,28.0,1.0,0.0,0.0,1.32,0.0,0.0,0.0,0.0,0.0,0.0,0.0,3.0,0.0,1.0,0.0
Mads Kikkenborg,DEN,GK,Anderlecht,24,2,2,180,2.0,0,0,0,0,0,0,0,0,0.0,0.0,0.0,0.0,0.0,0.4,0.0,0.0,0.0,0.0,0.0,0.0,0.0,0.0,0.0,1.0,0.0,0.0,0.0,0.0,0.0
Leo Kokubo,JPN,GK,Sint-Truiden,23,27,27,2430,27.0,0,0,0,0,0,0,2,0,0.0,0.0,0.0,0.0,0.0,3.0,0.0,0.0,0.0,0.0,0.0,0.0,0.0,0.0,1.0,8.0,0.0,0.0,0.0,0.0,1.0
Hiiro komori,JPN,"MF,FW",Sint-Truiden,23,4,0,17,0.2,0,0,0,0,0,0,0,0,0.0,0.0,0.0,0.0,0.0,0.7,0.0,0.0,0.0,0.0,0.0,0.0,0.0,0.0,1.0,0.0,0.0,0.0,0.0,0.0,0.0
Mory Konate,GUI,"DF,MF",Mechelen,30,3,1,123,1.4,0,0,0,0,0,0,1,0,0.0,0.0,0.0,0.0,0.0,0.5,0.0,0.0,0.0,0.0,0.0,0.0,0.0,0.0,5.0,4.0,1.0,0.0,4.0,3.0,0.0
Mohamed Kone,CIV,GK,Charleroi,22,21,21,1890,21.0,0,0,0,0,0,0,2,0,0.0,0.0,0.0,0.0,0.0,1.2,0.0,0.0,0.0,0.0,0.0,0.0,0.0,0.0,2.0,2.0,0.0,0.0,0.0,1.0,1.0
Josue Kongolo,BEL,DF,Genk,18,4,1,76,0.8,0,0,0,0,0,0,0,0,0.0,0.0,0.0,0.0,0.0,1.5,0.0,0.0,0.0,0.0,0.0,0.0,0.0,0.0,2.0,3.0,0.0,0.0,5.0,5.0,0.0
Tolis Konstantopoulos,GRE,DF,Beerschot,21,26,23,2162,24.0,0,0,0,0,0,0,4,0,0.0,0.0,0.0,0.0,0.0,0.8,18.0,9.0,50.0,0.6,0.3,0.11,0.22,0.0,31.0,30.0,1.0,8.0,48.0,57.0,0.0
Ayouba Kosiah,LBR,"FW,DF",Beerschot,23,16,5,535,5.9,1,0,1,1,0,0,2,0,0.17,0.0,0.17,0.17,0.17,0.3,14.0,3.0,21.4,2.29,0.49,0.07,0.33,0.0,15.0,6.0,11.0,0.0,1.0,6.0,0.0
Koen Kostons,NED,"FW,MF",Kortrijk,24,7,3,261,2.9,0,1,1,0,0,0,1,0,0.0,0.34,0.34,0.0,0.34,0.6,4.0,2.0,50.0,0.9,0.45,0.0,0.0,0.0,13.0,3.0,1.0,6.0,0.0,7.0,0.0
Samuel Kotto,CMR,DF,Gent,20,4,3,304,3.4,0,0,0,0,0,0,0,0,0.0,0.0,0.0,0.0,0.0,1.2,1.0,1.0,100.0,0.14,0.14,0.0,0.0,0.0,8.0,6.0,1.0,1.0,9.0,6.0,0.0
Florian Kruger,GER,FW,Beerschot,25,6,1,128,1.4,0,0,0,0,0,0,0,0,0.0,0.0,0.0,0.0,0.0,0.5,2.0,1.0,50.0,1.41,0.7,0.0,0.0,0.0,1.0,1.0,1.0,0.0,0.0,0.0,0.0
Leandre Kuavita,BEL,MF,Standard Liège,20,30,23,1855,20.6,1,0,1,1,0,0,1,0,0.05,0.0,0.05,0.05,0.05,1.5,21.0,2.0,9.5,0.77,0.07,0.05,0.5,0.0,19.0,24.0,1.0,38.0,17.0,11.0,0.0
Sven Kums,BEL,MF,Gent,36,20,9,892,9.9,2,0,2,2,0,0,2,0,0.2,0.0,0.2,0.2,0.2,0.3,14.0,3.0,21.4,1.2,0.26,0.14,0.67,0.0,11.0,9.0,1.0,58.0,11.0,13.0,0.0
Hasan Kurucay,,DF,OH Leuven,26,18,17,1555,17.3,1,0,1,1,0,0,5,1,0.06,0.0,0.06,0.06,0.06,1.3,8.0,2.0,25.0,0.39,0.1,0.13,0.5,0.0,17.0,13.0,1.0,2.0,18.0,15.0,0.0
Roman Kvet,CZE,MF,Dender,26,28,24,1903,21.1,4,1,5,4,0,0,5,1,0.19,0.05,0.24,0.19,0.24,1.5,44.0,14.0,31.8,1.45,0.46,0.16,0.5,1.0,28.0,37.0,3.0,52.0,26.0,29.0,0.0
Grejohn Kyei,FRA,"FW,MF",Standard Liège,28,17,7,586,6.5,1,0,1,1,0,0,0,0,0.1538461538461538,0.0,0.1538461538461538,0.1538461538461538,0.1538461538461538,0.7,10.0,5.0,50.0,1.52,0.76,0.1,0.2,0.0,14.0,4.0,5.0,3.0,1.0,2.0,0.0
Rajiv van La Parra,NED,"MF,FW",Beerschot,33,6,5,467,5.2,0,0,0,0,0,0,1,0,0.0,0.0,0.0,0.0,0.0,0.2,22.0,5.0,22.7,2.14,0.49,0.0,0.0,0.0,14.0,30.0,1.0,21.0,8.0,8.0,0.0
Bram Lagae,BEL,DF,Kortrijk,20,19,19,1665,18.5,0,0,0,0,0,0,5,0,0.0,0.0,0.0,0.0,0.0,0.9,13.0,4.0,30.8,0.67,0.21,0.08,0.25,0.0,23.0,12.0,0.0,10.0,29.0,15.0,0.0
Hugo Lambotte,BEL,MF,Sint-Truiden,18,2,0,36,0.4,0,0,0,0,0,0,0,0,0.0,0.0,0.0,0.0,0.0,0.2,0.0,0.0,0.0,0.0,0.0,0.0,0.0,0.0,1.0,0.0,0.0,0.0,0.0,0.0,0.0
Mohamed Lamine Bayo,GUI,FW,Antwerp,26,6,3,248,2.8,0,1,1,0,0,0,0,0,0.0,0.36,0.36,0.0,0.36,2.8,14.0,7.0,50.0,2.05,1.02,0.0,0.0,0.0,6.0,1.0,5.0,1.0,0.0,2.0,0.0
Didier Lamkel Ze,CMR,FW,Sint-Truiden,27,9,7,641,7.1,4,0,4,3,1,2,4,0,0.56,0.0,0.56,0.42,0.42,0.5,22.0,9.0,40.9,2.52,1.03,0.14,0.33,0.0,7.0,25.0,7.0,10.0,0.0,1.0,0.0
Senne Lammens,BEL,GK,Antwerp,22,30,30,2700,30.0,0,0,0,0,0,0,0,0,0.0,0.0,0.0,0.0,0.0,9.0,0.0,0.0,0.0,0.0,0.0,0.0,0.0,0.0,1.0,5.0,0.0,0.0,0.0,0.0,1.0
Amando Lapage,BEL,DF,Westerlo,19,3,1,123,1.4,0,0,0,0,0,0,0,0,0.0,0.0,0.0,0.0,0.0,0.6,2.0,0.0,0.0,0.37,0.0,0.0,0.0,0.0,4.0,0.0,0.0,1.0,3.0,4.0,0.0
Loic Lapoussin,MAD,DF,Union SG,28,12,12,1038,11.5,2,3,5,2,0,0,2,0,0.1739130434782608,0.2608695652173913,0.4347826086956521,0.1739130434782608,0.4347826086956521,2.5,34.0,12.0,35.29,1.99,0.7,0.12,0.33,0.0,13.0,24.0,2.0,69.0,27.0,23.0,0.0
Lion Lauberbach,GER,FW,Mechelen,26,25,15,1379,15.3,3,2,5,3,0,0,4,0,0.2,0.13,0.33,0.2,0.33,1.0,62.0,25.0,40.3,2.83,1.14,0.13,0.32,0.0,29.0,30.0,12.0,27.0,2.0,13.0,0.0
Henry Lawrence,ENG,DF,Standard Liège,22,26,24,2075,23.1,0,0,0,0,0,0,4,1,0.0,0.0,0.0,0.0,0.0,1.5,6.0,0.0,0.0,0.21,0.0,0.0,0.0,0.0,24.0,40.0,0.0,15.0,40.0,25.0,0.0
Theo Leoni,BEL,"MF,DF",Anderlecht,24,22,16,1359,15.1,2,0,2,2,0,0,2,0,0.13,0.0,0.13,0.13,0.13,3.0,16.0,5.0,31.3,0.9,0.28,0.13,0.4,0.0,19.0,14.0,2.0,24.0,21.0,21.0,0.0
Fedde Leysen,BEL,DF,Union SG,21,23,16,1562,17.4,0,0,0,0,0,0,4,0,0.0,0.0,0.0,0.0,0.0,3.0,12.0,3.0,25.0,0.61,0.15,0.0,0.0,0.0,19.0,9.0,0.0,8.0,26.0,27.0,0.0
Tobe Leysen,BEL,GK,OH Leuven,22,29,29,2610,29.0,0,0,0,0,0,0,3,0,0.0,0.0,0.0,0.0,0.0,4.0,0.0,0.0,0.0,0.0,0.0,0.0,0.0,0.0,2.0,9.0,0.0,0.0,1.0,0.0,0.0
Jonas Lietaert,BEL,DF,Cercle Brugge,20,2,0,58,0.6,0,0,0,0,0,0,0,0,0.0,0.0,0.0,0.0,0.0,0.25,0.0,0.0,0.0,0.0,0.0,0.0,0.0,0.0,0.0,0.0,0.0,1.0,1.0,3.0,0.0
Kilian Lokembo,BEL,DF,Standard Liège,22,1,0,3,0.0,0,0,0,0,0,0,0,0,0.0,0.0,0.0,0.0,0.0,0.0,0.0,0.0,0.0,0.0,0.0,0.0,0.0,0.0,0.0,1.0,0.0,0.0,0.0,0.0,0.0
Ridwane M'Barki,BEL,"DF,MF",Dender,30,7,0,148,1.6,0,0,0,0,0,0,1,0,0.0,0.0,0.0,0.0,0.0,0.25,0.0,0.0,0.0,0.0,0.0,0.0,0.0,0.0,8.0,10.0,0.0,13.0,3.0,4.0,0.0
Ali Maamar,MAR,"DF,MF",Anderlecht,19,6,5,425,4.7,0,0,0,0,0,0,2,0,0.0,0.0,0.0,0.0,0.0,2.0,9.0,1.0,11.1,0.74,0.08,0.0,0.0,0.0,11.0,14.0,1.0,23.0,6.0,14.0,0.0
Kevin Mac Allister,ARG,DF,Union SG,26,26,23,2030,22.6,2,0,2,2,0,0,9,1,0.09,0.0,0.09,0.09,0.09,7.5,16.0,5.0,31.3,0.52,0.16,0.13,0.4,1.0,60.0,22.0,0.0,17.0,54.0,77.0,0.0
Koki Machida,JPN,DF,Union SG,26,25,22,1886,21.0,0,0,0,0,0,0,3,1,0.0,0.0,0.0,0.0,0.0,11.0,11.0,5.0,45.5,0.37,0.17,0.09,0.2,1.0,26.0,12.0,4.0,17.0,35.0,34.0,0.0
Nicolas Madsen,DEN,MF,Westerlo,24,4,4,356,4.0,1,1,2,0,1,1,0,0,0.25,0.25,0.51,0.0,0.25,3.5,6.0,1.0,16.7,1.52,0.25,0.0,0.0,0.0,2.0,2.0,1.0,3.0,5.0,5.0,0.0
Mathieu Maertens,BEL,"FW,MF",OH Leuven,29,12,11,774,8.6,1,1,2,1,0,0,1,0,0.12,0.12,0.23,0.12,0.23,1.8,25.0,12.0,48.0,2.76,1.33,0.04,0.08,0.0,14.0,17.0,9.0,10.0,5.0,5.0,0.0
Gary Magnee,BEL,"DF,MF",Cercle Brugge,24,25,22,1726,19.2,0,3,3,0,0,0,0,1,0.0,0.16,0.16,0.0,0.16,1.5,19.0,4.0,21.1,0.85,0.18,0.0,0.0,0.0,15.0,17.0,2.0,195.0,24.0,33.0,0.0
Mark Mampasi,UKR,DF,Kortrijk,21,14,12,1038,11.5,1,0,1,1,0,0,4,1,0.09,0.0,0.09,0.09,0.09,0.5,7.0,1.0,14.3,0.61,0.09,0.14,1.0,1.0,16.0,5.0,0.0,4.0,17.0,12.0,1.0
Jose Marsà,ESP,DF,Mechelen,22,29,28,2269,25.2,0,0,0,0,0,0,4,0,0.0,0.0,0.0,0.0,0.0,3.0,14.0,3.0,21.4,0.43,0.09,0.07,0.33,0.0,38.0,32.0,1.0,44.0,31.0,36.0,0.0
Ar'jany Martha,CUW,"MF,FW",Beerschot,20,16,6,585,6.5,0,1,1,0,0,0,1,0,0.0,0.15,0.15,0.0,0.15,0.7,5.0,1.0,20.0,0.7,0.14,0.0,0.0,0.0,6.0,7.0,0.0,8.0,9.0,14.0,0.0
Keres Masangu,BEL,DF,Dender,24,3,0,6,0.1,0,0,0,0,0,0,1,0,0.0,0.0,0.0,0.0,0.0,0.2,0.0,0.0,0.0,0.0,0.0,0.0,0.0,0.0,3.0,0.0,0.0,0.0,2.0,1.0,0.0
Davor Matijas,CRO,GK,Beerschot,24,10,9,852,9.5,0,0,0,0,0,0,2,0,0.0,0.0,0.0,0.0,0.0,0.4,0.0,0.0,0.0,0.0,0.0,0.0,0.0,0.0,1.0,4.0,0.0,0.0,0.0,1.0,0.0
Herve Matthys,BEL,DF,Beerschot,28,11,11,907,10.1,1,1,2,0,1,1,1,0,0.1,0.1,0.2,0.0,0.1,0.6,5.0,2.0,40.0,0.5,0.2,0.0,0.0,0.0,8.0,3.0,0.0,17.0,21.0,4.0,1.0
Noam Mayoka-Tika,BEL,MF,Charleroi,20,1,0,9,0.1,0,0,0,0,0,0,0,0,0.0,0.0,0.0,0.0,0.0,0.05,1.0,1.0,100.0,10.0,10.0,0.0,0.0,0.0,1.0,0.0,0.0,0.0,0.0,0.0,0.0
Youssef Maziz,FRA,"MF,FW",OH Leuven,26,30,17,1423,15.8,3,1,4,3,0,0,4,0,0.19,0.06,0.25,0.19,0.25,1.3,47.0,16.0,34.0,2.25,0.77,0.06,0.19,0.0,26.0,33.0,1.0,107.0,16.0,7.0,0.0
Jay-David Mbalanda,FRA,FW,Sint-Truiden,17,3,0,19,0.2,0,0,0,0,0,0,1,0,0.0,0.0,0.0,0.0,0.0,0.1,1.0,0.0,0.0,4.29,0.0,0.0,0.0,0.0,1.0,0.0,0.0,1.0,0.0,1.0,0.0
Noah Mbamba,BEL,MF,Dender,19,6,2,199,2.2,0,0,0,0,0,0,0,0,0.0,0.0,0.0,0.0,0.0,1.5,7.0,0.0,0.0,1.39,0.0,0.0,0.0,0.0,6.0,14.0,2.0,2.0,8.0,12.0,0.0
Loic Mbe Soh,FRA,DF,Beerschot,23,22,22,1980,22.0,1,0,1,1,0,0,1,0,0.05,0.0,0.05,0.05,0.05,2.0,11.0,3.0,27.3,0.39,0.11,0.09,0.33,0.0,25.0,8.0,3.0,1.0,23.0,29.0,0.0
Isaac Mbenza,BEL,FW,Charleroi,28,28,9,925,10.3,3,1,4,3,0,0,1,0,0.29,0.1,0.39,0.29,0.39,0.8,35.0,12.0,34.3,2.71,0.93,0.09,0.25,0.0,9.0,10.0,6.0,103.0,9.0,11.0,0.0
Mark McKenzie,USA,FW,Genk,25,1,0,1,0.0,0,0,0,0,0,0,0,0,0.0,0.0,0.0,0.0,0.0,6.0,0.0,0.0,0.0,0.0,0.0,0.0,0.0,0.0,0.0,0.0,0.0,0.0,0.0,0.0,0.0
Dire Mebude,SCO,FW,Westerlo,20,17,7,680,7.6,2,1,3,2,0,0,1,0,0.26,0.13,0.4,0.26,0.4,1.0,17.0,5.0,29.4,2.25,0.66,0.12,0.4,0.0,6.0,20.0,0.0,14.0,4.0,6.0,0.0
Brandon Mechele,BEL,DF,Club Brugge,31,30,30,2700,30.0,3,1,4,3,0,0,2,0,0.1,0.03,0.13,0.1,0.13,3.5,21.0,7.0,33.3,0.52,0.17,0.14,0.43,0.0,24.0,18.0,0.0,0.0,52.0,44.0,0.0
Nayel Mehssatou,CHI,"MF,DF",Kortrijk,22,29,25,2266,25.2,0,2,2,0,0,0,3,0,0.0,0.08,0.08,0.0,0.08,2.2,31.0,13.0,41.9,1.01,0.42,0.13,0.31,0.0,17.0,38.0,0.0,54.0,20.0,37.0,0.0
Bjorn Meijer,NED,DF,Club Brugge,21,5,3,235,2.6,0,2,2,0,0,0,0,0,0.0,0.77,0.77,0.0,0.77,4.0,7.0,3.0,42.9,1.76,0.76,0.0,0.0,0.0,2.0,6.0,1.0,16.0,0.0,4.0,0.0
Hamza Mendyl,MAR,DF,OH Leuven,26,12,6,581,6.5,0,1,1,0,0,0,1,0,0.0,0.15,0.15,0.0,0.15,1.0,2.0,0.0,0.0,0.31,0.0,0.0,0.0,0.0,10.0,5.0,1.0,14.0,3.0,13.0,0.0
Billal Messaoudi,ALG,FW,Kortrijk,26,15,6,625,6.9,0,0,0,0,0,0,4,0,0.0,0.0,0.0,0.0,0.0,0.6,21.0,6.0,28.6,3.02,0.86,0.0,0.0,0.0,8.0,7.0,6.0,4.0,0.0,2.0,0.0
Senna Miangue,BEL,DF,Cercle Brugge,27,16,7,802,8.9,0,0,0,0,0,0,5,0,0.0,0.0,0.0,0.0,0.0,0.45,4.0,2.0,50.0,0.45,0.22,0.0,0.0,0.0,10.0,4.0,1.0,4.0,8.0,6.0,0.0
Simion Michez,BEL,"DF,MF",Beerschot,22,6,6,483,5.4,2,1,3,2,0,0,2,0,0.37,0.19,0.56,0.37,0.56,1.5,4.0,2.0,50.0,0.75,0.37,0.5,1.0,0.0,7.0,13.0,0.0,8.0,7.0,9.0,0.0
Simon Mignolet,BEL,GK,Club Brugge,36,30,30,2669,29.7,0,0,0,0,0,0,2,0,0.0,0.0,0.0,0.0,0.0,1.2,0.0,0.0,0.0,0.0,0.0,0.0,0.0,0.0,2.0,8.0,0.0,0.0,0.0,1.0,0.0
Jovan Mijatovic,SRB,"FW,MF",OH Leuven,19,5,1,132,1.5,1,0,1,1,0,0,1,0,0.68,0.0,0.68,0.68,0.68,3.0,6.0,4.0,66.7,3.12,2.08,0.17,0.25,1.0,8.0,8.0,0.0,1.0,0.0,1.0,0.0
Alan Minda,ECU,"FW,MF",Cercle Brugge,21,26,14,1303,14.5,1,1,2,1,0,0,1,0,0.07,0.07,0.14,0.07,0.14,3.0,35.0,15.0,42.9,2.27,0.97,0.03,0.07,0.0,4.0,9.0,4.0,24.0,4.0,7.0,0.0
David Mindombe,BEL,DF,Sint-Truiden,23,1,1,90,1.0,0,0,0,0,0,0,0,0,0.0,0.0,0.0,0.0,0.0,0.0,0.0,0.0,0.0,0.0,0.0,0.0,0.0,0.0,0.0,0.0,0.0,0.0,1.0,0.0,0.0
Stefan Mitrovic,SRB,"FW,MF",OH Leuven,21,20,15,1260,14.0,2,1,3,2,0,0,1,0,0.14,0.07,0.21,0.14,0.21,1.5,44.0,10.0,22.7,2.58,0.59,0.05,0.2,0.0,23.0,18.0,5.0,42.0,7.0,15.0,0.0
Stefan Mitrovic,SRB,"FW,MF",OH Leuven,21,20,15,1260,14.0,2,1,3,2,0,0,1,0,0.14,0.07,0.21,0.14,0.21,1.5,44.0,10.0,22.7,2.58,0.59,0.05,0.2,0.0,11.0,6.0,0.0,0.0,15.0,14.0,0.0
Stefan Mitrovic,SRB,"FW,MF",OH Leuven,21,20,15,1260,14.0,2,1,3,2,0,0,1,0,0.14,0.07,0.21,0.14,0.21,1.5,3.0,1.0,33.3,0.2,0.07,0.0,0.0,0.0,23.0,18.0,5.0,42.0,7.0,15.0,0.0
Stefan Mitrovic,SRB,"FW,MF",OH Leuven,21,20,15,1260,14.0,2,1,3,2,0,0,1,0,0.14,0.07,0.21,0.14,0.21,1.5,3.0,1.0,33.3,0.2,0.07,0.0,0.0,0.0,11.0,6.0,0.0,0.0,15.0,14.0,0.0
Stefan Mitrovic,SRB,DF,Gent,34,17,13,1252,13.9,0,0,0,0,0,0,4,0,0.0,0.0,0.0,0.0,0.0,0.65,44.0,10.0,22.7,2.58,0.59,0.05,0.2,0.0,23.0,18.0,5.0,42.0,7.0,15.0,0.0
Stefan Mitrovic,SRB,DF,Gent,34,17,13,1252,13.9,0,0,0,0,0,0,4,0,0.0,0.0,0.0,0.0,0.0,0.65,44.0,10.0,22.7,2.58,0.59,0.05,0.2,0.0,11.0,6.0,0.0,0.0,15.0,14.0,0.0
Stefan Mitrovic,SRB,DF,Gent,34,17,13,1252,13.9,0,0,0,0,0,0,4,0,0.0,0.0,0.0,0.0,0.0,0.65,3.0,1.0,33.3,0.2,0.07,0.0,0.0,0.0,23.0,18.0,5.0,42.0,7.0,15.0,0.0
Stefan Mitrovic,SRB,DF,Gent,34,17,13,1252,13.9,0,0,0,0,0,0,4,0,0.0,0.0,0.0,0.0,0.0,0.65,3.0,1.0,33.3,0.2,0.07,0.0,0.0,0.0,11.0,6.0,0.0,0.0,15.0,14.0,0.0
Anthony Moris,LUX,GK,Union SG,34,30,30,2700,30.0,0,0,0,0,0,0,2,0,0.0,0.0,0.0,0.0,0.0,1.8,2.0,1.0,50.0,0.05,0.02,0.0,0.0,0.0,2.0,4.0,0.0,1.0,0.0,1.0,0.0
Kerim Mrabti,SWE,"MF,FW",Mechelen,30,27,25,2010,22.3,2,2,4,1,1,2,6,0,0.09,0.09,0.18,0.04,0.13,2.0,29.0,9.0,31.0,1.04,0.32,0.03,0.11,0.0,23.0,23.0,4.0,39.0,17.0,25.0,0.0
Suphanat Mueanta,THA,"FW,MF",OH Leuven,21,2,1,61,0.7,0,0,0,0,0,0,0,0,0.0,0.0,0.0,0.0,0.0,1.2,0.0,0.0,0.0,0.0,0.0,0.0,0.0,0.0,1.0,2.0,1.0,1.0,0.0,1.0,0.0
Visar Musliu,MKD,DF,Sint-Truiden,29,3,2,189,2.1,0,0,0,0,0,0,2,0,0.0,0.0,0.0,0.0,0.0,0.65,3.0,0.0,0.0,0.37,0.0,0.0,0.0,0.0,4.0,9.0,0.0,0.0,20.0,12.0,0.0
Moussa N'Diaye,SEN,DF,Anderlecht,22,22,20,1611,17.9,0,0,0,0,0,0,6,1,0.0,0.0,0.0,0.0,0.0,3.0,7.0,2.0,28.6,0.33,0.09,0.0,0.0,1.0,28.0,52.0,0.0,26.0,36.0,25.0,0.0
Konan N'dri,CIV,"FW,MF",OH Leuven,23,24,17,1587,17.6,3,2,5,3,0,0,2,0,0.17,0.11,0.28,0.17,0.28,1.4,44.0,14.0,31.8,2.5,0.79,0.07,0.21,0.0,29.0,32.0,6.0,34.0,6.0,21.0,0.0
Flavio Nazinho,POR,DF,Cercle Brugge,21,22,11,1172,13.0,1,4,5,1,0,0,6,0,0.08,0.31,0.38,0.08,0.38,3.0,24.0,5.0,20.8,1.4,0.29,0.04,0.2,0.0,27.0,14.0,0.0,146.0,22.0,27.0,0.0
James Ndjeungoue,CMR,DF,Kortrijk,21,4,2,222,2.5,0,0,0,0,0,0,0,1,0.0,0.0,0.0,0.0,0.0,0.6,4.0,0.0,0.0,0.62,0.0,0.0,0.0,0.0,7.0,1.0,1.0,3.0,22.0,8.0,0.0
Roman Neustadter,RUS,DF,Westerlo,36,17,16,1441,16.0,1,0,1,1,0,0,2,0,0.06,0.0,0.06,0.06,0.06,0.15,8.0,4.0,50.0,0.43,0.21,0.13,0.25,0.0,13.0,5.0,0.0,0.0,26.0,15.0,0.0
Steve Ngoura,FRA,FW,Cercle Brugge,19,2,0,23,0.3,0,0,0,0,0,0,0,0,0.0,0.0,0.0,0.0,0.0,0.8,12.0,4.0,33.3,2.78,0.93,0.0,0.0,0.0,4.0,8.0,4.0,2.0,0.0,1.0,0.0
Julien Ngoy,BEL,FW,Mechelen,26,8,1,119,1.3,0,0,0,0,0,0,1,0,0.0,0.0,0.0,0.0,0.0,0.4,3.0,0.0,0.0,2.27,0.0,0.0,0.0,0.0,2.0,2.0,1.0,2.0,0.0,0.0,0.0
Nathan Ngoy,BEL,DF,Standard Liège,21,6,4,359,4.0,0,0,0,0,0,0,1,0,0.0,0.0,0.0,0.0,0.0,3.5,12.0,3.0,25.0,0.9,0.23,0.0,0.0,0.0,16.0,4.0,0.0,4.0,32.0,22.0,0.0
Adam Nhaili,BEL,"FW,MF",Sint-Truiden,18,8,1,204,2.3,0,1,1,0,0,0,0,0,0.0,0.44,0.44,0.0,0.44,0.25,2.0,2.0,100.0,0.88,0.88,0.0,0.0,0.0,4.0,2.0,0.0,5.0,0.0,1.0,0.0
Ousseynou Niang,SEN,"DF,FW",Union SG,22,18,12,1060,11.8,2,0,2,2,0,0,5,0,0.17,0.0,0.17,0.17,0.17,4.0,20.0,5.0,25.0,1.04,0.26,0.1,0.4,0.0,34.0,43.0,9.0,47.0,14.0,39.0,0.0
Casper Nielsen,DEN,MF,Club Brugge,30,14,5,504,5.6,0,1,1,0,0,0,0,0,0.0,0.18,0.18,0.0,0.18,2.5,7.0,3.0,42.9,1.19,0.51,0.0,0.0,0.0,8.0,3.0,1.0,29.0,6.0,3.0,1.0
Gustaf Nilsson,SWE,FW,Club Brugge,27,22,18,1551,17.2,9,5,14,7,2,2,2,0,0.52,0.29,0.81,0.41,0.7,5.0,76.0,31.0,40.8,3.71,1.51,0.09,0.23,0.0,48.0,33.0,5.0,4.0,3.0,12.0,0.0
Ken Nkuba,BEL,"DF,MF",Genk,22,16,5,463,5.1,0,1,1,0,0,0,3,0,0.0,0.19,0.19,0.0,0.19,2.7,12.0,4.0,33.3,1.86,0.62,0.0,0.0,0.0,9.0,4.0,0.0,20.0,7.0,13.0,0.0
Petter Nosa Dahl,NOR,"MF,FW",Mechelen,21,19,3,458,5.1,1,1,2,1,0,0,1,0,0.2,0.2,0.39,0.2,0.39,0.6,17.0,4.0,23.5,2.89,0.68,0.06,0.25,0.0,7.0,6.0,2.0,18.0,6.0,8.0,0.0
Lucas Noubi,BEL,DF,Standard Liège,19,2,1,137,1.5,0,0,0,0,0,0,0,0,0.0,0.0,0.0,0.0,0.0,1.0,0.0,0.0,0.0,0.0,0.0,0.0,0.0,0.0,0.0,2.0,0.0,0.0,4.0,0.0,0.0
Bruny Nsimba,BEL,FW,Dender,24,29,21,1933,21.5,6,2,8,4,2,2,6,1,0.28,0.09,0.37,0.19,0.28,2.0,66.0,25.0,37.9,2.28,0.86,0.09,0.24,0.0,31.0,35.0,18.0,36.0,2.0,15.0,0.0
Erick Nunes,BRA,"MF,DF",Cercle Brugge,20,27,22,1540,17.1,0,2,2,0,0,0,3,0,0.0,0.12,0.12,0.0,0.12,1.2,22.0,5.0,22.7,1.1,0.25,0.0,0.0,0.0,23.0,21.0,4.0,50.0,26.0,45.0,0.0
Antonio Nusa,NOR,"FW,MF",Club Brugge,19,3,2,162,1.8,0,1,1,0,0,0,0,0,0.0,0.56,0.56,0.0,0.56,28.0,6.0,2.0,33.3,3.33,1.11,0.0,0.0,0.0,2.0,3.0,0.0,5.0,0.0,1.0,0.0
Mardochee Nzita,BEL,DF,Charleroi,24,14,5,561,6.2,0,0,0,0,0,0,2,0,0.0,0.0,0.0,0.0,0.0,1.0,9.0,4.0,44.4,0.78,0.35,0.0,0.0,0.0,18.0,19.0,3.0,31.0,9.0,26.0,0.0
Aiden O'Neill,AUS,MF,Standard Liège,26,25,24,2165,24.1,0,1,1,0,0,0,7,1,0.0,0.04,0.04,0.0,0.04,3.0,16.0,1.0,6.3,0.63,0.04,0.0,0.0,1.0,40.0,33.0,0.0,7.0,26.0,37.0,0.0
Denis Odoi,GHA,"MF,DF",Antwerp,36,18,16,1438,16.0,1,2,3,1,0,0,9,1,0.06,0.13,0.19,0.06,0.19,0.25,24.0,6.0,25.0,0.97,0.24,0.04,0.17,2.0,42.0,33.0,0.0,19.0,27.0,20.0,0.0
Ryoya Ogawa,JPN,"DF,MF",Sint-Truiden,27,29,28,2449,27.2,2,4,6,2,0,0,3,0,0.07,0.15,0.22,0.07,0.22,1.5,18.0,4.0,22.2,0.54,0.12,0.11,0.5,0.0,21.0,14.0,2.0,109.0,36.0,42.0,0.0
Ayumu Ohata,JPN,DF,OH Leuven,23,2,0,57,0.6,0,0,0,0,0,0,0,0,0.0,0.0,0.0,0.0,0.0,0.5,1.0,0.0,0.0,0.43,0.0,0.0,0.0,0.0,0.0,5.0,0.0,7.0,3.0,2.0,0.0
Kazeem Olaigbe,BEL,"MF,FW",Cercle Brugge,21,19,10,902,10.0,3,0,3,2,1,1,1,0,0.3,0.0,0.3,0.2,0.2,5.0,27.0,11.0,40.7,2.69,1.1,0.07,0.18,0.0,9.0,8.0,4.0,70.0,1.0,12.0,0.0
Aime Omgba,NED,"MF,FW",Gent,21,3,0,54,0.6,1,0,1,1,0,0,0,0,1.67,0.0,1.67,1.67,1.67,2.0,6.0,4.0,66.7,1.18,0.79,0.17,0.25,0.0,6.0,4.0,0.0,0.0,3.0,8.0,0.0
Takuma Ominami,JPN,DF,OH Leuven,26,19,14,1330,14.8,0,0,0,0,0,0,2,0,0.0,0.0,0.0,0.0,0.0,1.3,11.0,2.0,18.2,0.6,0.11,0.09,0.5,0.0,11.0,5.0,0.0,5.0,11.0,19.0,0.0
Jacob Ondrejka,SWE,FW,Antwerp,21,22,17,1509,16.8,7,4,11,7,0,1,2,0,0.42,0.24,0.66,0.42,0.66,8.0,36.0,13.0,36.1,2.15,0.78,0.19,0.54,0.0,10.0,33.0,7.0,78.0,2.0,12.0,0.0
Raphael Onyedika,NGA,MF,Club Brugge,23,25,21,1683,18.7,1,1,2,1,0,0,1,1,0.05,0.05,0.11,0.05,0.11,20.0,28.0,6.0,21.4,1.03,0.22,0.04,0.17,0.0,46.0,29.0,1.0,3.0,21.0,28.0,0.0
Davis Opoku,BEL,"FW,DF",OH Leuven,16,1,0,2,0.0,0,0,0,0,0,0,0,0,0.0,0.0,0.0,0.0,0.0,0.0,0.0,0.0,0.0,0.0,0.0,0.0,0.0,0.0,1.0,2.0,0.0,0.0,0.0,0.0,0.0
Ragnar Oratmangoen,IDN,MF,Dender,26,20,11,1012,11.2,1,0,1,1,0,0,1,0,0.09,0.0,0.09,0.09,0.09,0.6,13.0,5.0,38.5,1.16,0.44,0.08,0.2,0.0,14.0,15.0,1.0,8.0,7.0,17.0,0.0
Joel Ordonez,ECU,DF,Club Brugge,20,23,20,1729,19.2,1,0,1,1,0,0,4,0,0.05,0.0,0.05,0.05,0.05,28.0,13.0,2.0,15.4,0.45,0.07,0.08,0.5,0.0,25.0,13.0,1.0,4.0,23.0,18.0,1.0
Emir Ortakaya,TUR,DF,Westerlo,20,3,1,153,1.7,0,0,0,0,0,0,1,0,0.0,0.0,0.0,0.0,0.0,0.5,0.0,0.0,0.0,0.0,0.0,0.0,0.0,0.0,4.0,2.0,0.0,0.0,5.0,1.0,0.0
Manuel Osifo,BEL,DF,OH Leuven,21,14,8,720,8.0,0,1,1,0,0,0,2,0,0.0,0.12,0.12,0.0,0.12,0.7,3.0,0.0,0.0,0.21,0.0,0.0,0.0,0.0,21.0,11.0,0.0,14.0,20.0,16.0,0.0
Zakaria El Ouahdi,MAR,DF,Genk,22,27,26,2308,25.6,3,1,4,3,0,0,5,0,0.12,0.04,0.16,0.12,0.16,12.0,55.0,25.0,45.5,1.6,0.73,0.11,0.24,0.0,32.0,32.0,3.0,62.0,36.0,42.0,0.0
Aziz Ouattara,CIV,MF,Mechelen,23,26,19,1561,17.3,0,0,0,0,0,0,7,0,0.0,0.0,0.0,0.0,0.0,1.0,9.0,1.0,11.1,0.52,0.06,0.0,0.0,0.0,34.0,18.0,0.0,7.0,19.0,29.0,1.0
Kader Ouattara,BFA,"MF,FW",Cercle Brugge,19,8,2,283,3.1,2,0,2,2,0,0,1,0,0.64,0.0,0.64,0.64,0.64,0.8,11.0,5.0,45.5,3.5,1.59,0.18,0.4,0.0,6.0,8.0,0.0,9.0,1.0,4.0,0.0
Aiham Ousou,SYR,DF,Charleroi,24,26,22,2020,22.4,0,0,0,0,0,0,3,0,0.0,0.0,0.0,0.0,0.0,2.5,11.0,4.0,36.4,0.49,0.18,0.0,0.0,0.0,29.0,18.0,1.0,3.0,45.0,21.0,0.0
Luca Oyen,BEL,FW,Genk,21,2,0,4,0.0,0,0,0,0,0,0,0,0,0.0,0.0,0.0,0.0,0.0,1.5,0.0,0.0,0.0,0.0,0.0,0.0,0.0,0.0,0.0,0.0,0.0,1.0,0.0,0.0,0.0
Louis Patris,BEL,"DF,MF",Sint-Truiden,23,24,18,1680,18.7,0,5,5,0,0,0,7,0,0.0,0.267379679144385,0.267379679144385,0.0,0.267379679144385,2.0,27.0,6.0,22.22,1.12,0.25,0.04,0.17,0.0,33.0,19.0,0.0,66.0,37.0,70.0,0.0
Mike Penders,BEL,GK,Genk,19,11,11,989,11.0,0,0,0,0,0,0,2,1,0.0,0.0,0.0,0.0,0.0,12.0,0.0,0.0,0.0,0.0,0.0,0.0,0.0,1.0,2.0,3.0,0.0,0.0,0.0,0.0,0.0
Lucas Perrin,FRA,DF,Cercle Brugge,25,6,5,494,5.5,0,0,0,0,0,0,2,0,0.0,0.0,0.0,0.0,0.0,2.0,12.0,5.0,41.7,1.04,0.44,0.17,0.4,0.0,18.0,17.0,2.0,16.0,20.0,23.0,0.0
Jeremy Petris,FRA,"DF,FW",Charleroi,26,27,26,2290,25.4,0,2,2,0,0,0,6,0,0.0,0.08,0.08,0.0,0.08,2.8,16.0,4.0,25.0,0.48,0.12,0.0,0.0,0.0,42.0,76.0,3.0,97.0,43.0,42.0,0.0
Patrick Pflucke,GER,"DF,MF",Mechelen,27,23,18,1472,16.4,4,4,8,3,1,1,1,0,0.24,0.24,0.49,0.18,0.43,1.6,57.0,16.0,28.1,2.63,0.74,0.07,0.25,0.0,5.0,16.0,4.0,133.0,4.0,23.0,0.0
Arthur Piedfort,BEL,MF,Westerlo,19,20,18,1390,15.4,0,1,1,0,0,0,3,0,0.0,0.06,0.06,0.0,0.06,2.0,14.0,4.0,28.6,0.82,0.23,0.0,0.0,0.0,13.0,21.0,1.0,6.0,15.0,22.0,0.0
Lucas Pirard,BEL,GK,Kortrijk,29,7,5,543,6.0,0,0,0,0,0,0,2,0,0.0,0.0,0.0,0.0,0.0,0.25,0.0,0.0,0.0,0.0,0.0,0.0,0.0,0.0,0.0,1.0,0.0,0.0,1.0,0.0,0.0
Brian Plat,NED,DF,Beerschot,24,26,25,2091,23.2,0,0,0,0,0,0,5,1,0.0,0.0,0.0,0.0,0.0,0.7,8.0,2.0,25.0,0.29,0.07,0.0,0.0,0.0,26.0,15.0,2.0,34.0,32.0,39.0,0.0
Ewoud Pletinckx,BEL,DF,OH Leuven,23,11,9,831,9.2,1,1,2,1,0,0,1,0,0.11,0.11,0.22,0.11,0.22,1.8,8.0,4.0,50.0,0.5,0.25,0.25,0.5,0.0,5.0,3.0,0.0,2.0,7.0,10.0,0.0
Boris Popovic,SRB,DF,Cercle Brugge,24,2,2,158,1.8,0,0,0,0,0,0,1,0,0.0,0.0,0.0,0.0,0.0,1.5,2.0,1.0,50.0,1.14,0.57,0.0,0.0,0.0,2.0,1.0,0.0,0.0,3.0,1.0,0.0
Dennis Praet,BEL,MF,Antwerp,30,16,9,830,9.2,0,1,1,0,0,0,0,0,0.0,0.11,0.11,0.0,0.11,2.5,13.0,4.0,30.8,0.79,0.24,0.0,0.0,0.0,20.0,10.0,1.0,31.0,14.0,17.0,0.0
Maxence Prevot,FRA,GK,OH Leuven,27,1,1,90,1.0,0,0,0,0,0,0,0,0,0.0,0.0,0.0,0.0,0.0,0.4,0.0,0.0,0.0,0.0,0.0,0.0,0.0,0.0,0.0,1.0,0.0,0.0,0.0,0.0,0.0
Isaac Price,NIR,MF,Standard Liège,20,22,19,1768,19.6,0,0,0,0,0,0,3,0,0.0,0.0,0.0,0.0,0.0,3.0,39.0,14.0,35.9,1.99,0.71,0.0,0.0,0.0,12.0,20.0,3.0,54.0,21.0,21.0,0.0
Cameron Puertas,SUI,MF,Union SG,25,3,2,201,2.2,1,0,1,1,0,0,1,0,0.45,0.0,0.45,0.45,0.45,13.0,10.0,4.0,40.0,4.48,1.79,0.1,0.25,0.0,4.0,7.0,1.0,9.0,1.0,3.0,0.0
Joedrick Pupe,BEL,DF,Dender,27,25,24,2172,24.1,0,5,5,0,0,0,8,0,0.0,0.21,0.21,0.0,0.21,1.2,19.0,2.0,10.5,0.74,0.08,0.0,0.0,0.0,22.0,30.0,0.0,57.0,42.0,25.0,0.0
Toon Raemaekers,BEL,DF,Mechelen,23,28,25,2229,24.8,0,0,0,0,0,0,3,0,0.0,0.0,0.0,0.0,0.0,1.2,23.0,4.0,17.4,0.73,0.13,0.0,0.0,0.0,39.0,27.0,1.0,9.0,43.0,51.0,0.0
Benito Raman,BEL,FW,Mechelen,29,24,13,1139,12.7,13,0,13,13,0,0,3,0,1.03,0.0,1.03,1.03,1.03,2.0,56.0,38.0,67.9,3.54,2.41,0.23,0.34,0.0,20.0,15.0,22.0,21.0,1.0,8.0,0.0
Mathias Rasmussen,NOR,MF,Union SG,26,18,11,914,10.2,1,3,4,1,0,0,1,0,0.1,0.3,0.39,0.1,0.39,2.0,8.0,5.0,62.5,0.75,0.47,0.13,0.2,0.0,7.0,13.0,1.0,40.0,11.0,21.0,0.0
Christiaan Ravych,BEL,DF,Cercle Brugge,22,28,28,2396,26.6,1,0,1,1,0,0,2,1,0.04,0.0,0.04,0.04,0.04,4.5,19.0,4.0,21.1,0.58,0.12,0.05,0.25,0.0,26.0,32.0,1.0,15.0,49.0,54.0,0.0
Daishawn Redan,NED,FW,Beerschot,23,6,5,442,4.9,3,0,3,3,0,1,1,0,0.61,0.0,0.61,0.61,0.61,0.6,13.0,7.0,53.8,2.4,1.29,0.31,0.57,0.0,4.0,5.0,5.0,0.0,0.0,1.0,0.0
Semm Renders,BEL,DF,Antwerp,16,13,6,556,6.2,0,1,1,0,0,0,1,0,0.0,0.16,0.16,0.0,0.16,1.5,1.0,0.0,0.0,0.1,0.0,0.0,0.0,0.0,9.0,6.0,0.0,19.0,10.0,13.0,0.0
Tom Reyners,BEL,"MF,FW",Beerschot,24,21,11,956,10.6,1,0,1,1,0,0,3,0,0.09,0.0,0.09,0.09,0.09,0.8,17.0,5.0,29.4,1.47,0.43,0.06,0.2,0.0,14.0,22.0,1.0,22.0,5.0,13.0,0.0
Bryan Reynolds,USA,DF,Westerlo,23,27,27,2365,26.3,1,3,4,1,0,0,8,0,0.04,0.11,0.15,0.04,0.15,3.5,25.0,8.0,32.0,0.7,0.23,0.04,0.13,0.0,38.0,30.0,2.0,95.0,29.0,40.0,1.0
Federico Ricca,URU,DF,OH Leuven,29,23,22,1907,21.2,1,0,1,1,0,0,8,1,0.05,0.0,0.05,0.05,0.05,1.3,10.0,1.0,10.0,0.38,0.04,0.1,1.0,0.0,28.0,19.0,1.0,9.0,30.0,25.0,0.0
Jairo Riedewald,NED,"DF,MF",Antwerp,27,15,9,819,9.1,0,0,0,0,0,0,1,1,0.0,0.0,0.0,0.0,0.0,1.8,12.0,5.0,41.7,0.83,0.34,0.0,0.0,0.0,10.0,7.0,0.0,2.0,20.0,27.0,0.0
Mats Rits,BEL,MF,Anderlecht,31,25,24,2037,22.6,1,2,3,1,0,0,2,0,0.04,0.09,0.13,0.04,0.13,1.8,15.0,4.0,26.7,0.61,0.16,0.07,0.25,0.0,26.0,14.0,3.0,49.0,25.0,19.0,0.0
Nathan Rodes,BEL,MF,Dender,26,30,30,2638,29.3,3,1,4,3,0,0,2,0,0.1,0.03,0.14,0.1,0.14,1.4,31.0,8.0,25.8,0.81,0.21,0.16,0.63,0.0,31.0,23.0,0.0,25.0,38.0,48.0,0.0
Kevin Rodriguez,ECU,FW,Union SG,24,20,5,628,7.0,1,0,1,1,0,1,0,0,0.14,0.0,0.14,0.14,0.14,1.5,27.0,5.0,18.5,3.8,0.7,0.04,0.2,0.0,8.0,21.0,4.0,6.0,1.0,3.0,0.0
Davy Roef,BEL,GK,Gent,30,26,26,2340,26.0,0,0,0,0,0,0,1,0,0.0,0.0,0.0,0.0,0.0,2.5,0.0,0.0,0.0,0.0,0.0,0.0,0.0,0.0,0.0,1.0,0.0,0.0,1.0,1.0,0.0
Zan Rogelj,SVN,"DF,FW",Charleroi,24,16,9,828,9.2,0,0,0,0,0,0,1,0,0.0,0.0,0.0,0.0,0.0,0.7,12.0,7.0,58.3,0.98,0.57,0.17,0.29,0.0,4.0,6.0,1.0,46.0,14.0,13.0,0.0
Zaid Romero,ARG,DF,Club Brugge,24,10,6,594,6.6,0,0,0,0,0,0,1,0,0.0,0.0,0.0,0.0,0.0,3.0,5.0,1.0,20.0,0.72,0.14,0.0,0.0,0.0,3.0,6.0,0.0,1.0,8.0,7.0,0.0
Tuur Rommens,BEL,DF,Westerlo,21,28,27,2388,26.5,0,2,2,0,0,0,8,0,0.0,0.08,0.08,0.0,0.08,4.0,37.0,11.0,29.7,1.01,0.3,0.0,0.0,0.0,30.0,38.0,3.0,85.0,61.0,50.0,1.0
Gilles Ruyssen,BEL,DF,Dender,30,28,28,2477,27.5,0,0,0,0,0,0,5,0,0.0,0.0,0.0,0.0,0.0,0.6,6.0,0.0,0.0,0.16,0.0,0.0,0.0,0.0,34.0,23.0,0.0,4.0,72.0,44.0,0.0
Kyriani Sabbe,BEL,DF,Club Brugge,19,17,7,685,7.6,0,1,1,0,0,0,0,0,0.0,0.13,0.13,0.0,0.13,4.5,13.0,2.0,15.4,0.99,0.15,0.08,0.5,0.0,10.0,6.0,1.0,42.0,13.0,24.0,0.0
Mujaid Sadick,ESP,DF,Genk,24,27,27,2406,26.7,1,0,1,1,0,0,5,1,0.04,0.0,0.04,0.04,0.04,8.0,9.0,3.0,33.3,0.25,0.08,0.11,0.33,0.0,32.0,17.0,1.0,0.0,31.0,41.0,0.0
Noah Sadiki,COD,MF,Union SG,19,29,27,2424,26.9,1,2,3,1,0,0,4,0,0.04,0.07,0.11,0.04,0.11,12.0,26.0,9.0,34.6,0.71,0.25,0.04,0.11,0.0,41.0,39.0,0.0,22.0,38.0,40.0,0.0
Hakim Sahabo,RWA,MF,Beerschot,19,9,8,704,7.8,0,0,0,0,0,0,2,0,0.0,0.0,0.0,0.0,0.0,1.0,4.0,1.0,25.0,0.3,0.07,0.0,0.0,0.0,7.0,20.0,0.0,17.0,15.0,16.0,0.0
Marwan Al Sahafi,KSA,FW,Beerschot,20,19,15,1331,14.8,5,1,6,5,0,0,1,0,0.34,0.07,0.41,0.34,0.41,1.0,35.0,16.0,45.7,1.72,0.78,0.17,0.38,0.0,3.0,7.0,9.0,13.0,6.0,4.0,0.0
Isa Sakamoto,JPN,"MF,FW",Westerlo,20,9,8,664,7.4,3,2,5,3,0,0,2,0,0.41,0.27,0.68,0.41,0.68,2.5,30.0,13.0,43.3,1.99,0.86,0.2,0.46,0.0,27.0,14.0,1.0,1.0,8.0,9.0,0.0
Matisse Samoise,BEL,DF,Gent,22,22,13,1248,13.9,0,2,2,0,0,0,4,1,0.0,0.14,0.14,0.0,0.14,2.5,14.0,4.0,28.6,0.62,0.18,0.0,0.0,1.0,62.0,29.0,0.0,60.0,36.0,46.0,0.0
Ryan Sanusi,BEL,MF,Beerschot,32,12,12,1026,11.4,1,1,2,1,0,0,0,0,0.09,0.09,0.18,0.09,0.18,0.3,7.0,3.0,42.9,0.61,0.26,0.14,0.33,0.0,13.0,17.0,0.0,30.0,12.0,11.0,0.0
Killian Sardella,BEL,"DF,MF",Anderlecht,22,24,22,1966,21.8,0,1,1,0,0,0,6,0,0.0,0.05,0.05,0.0,0.05,5.0,19.0,8.0,42.1,0.87,0.37,0.0,0.0,0.0,12.0,15.0,0.0,88.0,11.0,30.0,0.0
Nikolas Sattlberger,AUT,MF,Genk,20,21,13,1120,12.4,1,1,2,1,0,0,2,0,0.08,0.08,0.16,0.08,0.16,3.5,10.0,5.0,50.0,0.58,0.29,0.1,0.2,0.0,30.0,7.0,0.0,3.0,23.0,21.0,0.0
Allahyar Sayyadmanesh,IRN,"FW,MF",Westerlo,23,26,22,1806,20.1,6,5,11,4,2,2,4,0,0.3,0.25,0.55,0.2,0.45,4.0,67.0,22.0,32.8,2.78,0.91,0.06,0.18,0.0,25.0,32.0,13.0,65.0,7.0,28.0,0.0
Aurelien Scheidler,FRA,FW,Dender,26,21,20,1492,16.6,6,2,8,6,0,0,3,1,0.36,0.12,0.48,0.36,0.48,1.8,66.0,28.0,42.4,2.82,1.19,0.14,0.32,0.0,26.0,45.0,10.0,7.0,3.0,6.0,0.0
Joel Schingtienne,BEL,DF,OH Leuven,21,4,4,360,4.0,0,0,0,0,0,0,0,0,0.0,0.0,0.0,0.0,0.0,3.5,0.0,0.0,0.0,0.0,0.0,0.0,0.0,0.0,3.0,1.0,0.0,1.0,4.0,5.0,0.0
Daniel Schmidt,JPN,GK,Gent,32,1,1,90,1.0,0,0,0,0,0,0,0,0,0.0,0.0,0.0,0.0,0.0,0.7,0.0,0.0,0.0,0.0,0.0,0.0,0.0,0.0,0.0,0.0,0.0,0.0,1.0,0.0,0.0
Rob Schoofs,BEL,MF,Mechelen,30,28,28,2470,27.4,3,4,7,3,0,0,4,0,0.11,0.15,0.26,0.11,0.26,2.2,58.0,26.0,44.8,1.59,0.71,0.09,0.19,0.0,26.0,49.0,2.0,97.0,30.0,27.0,0.0
Siebe Schrijvers,BEL,MF,OH Leuven,28,28,22,1819,20.2,4,3,7,1,3,3,5,0,0.2,0.15,0.35,0.05,0.2,1.5,51.0,12.0,23.5,1.69,0.4,0.06,0.25,0.0,36.0,39.0,1.0,87.0,50.0,51.0,1.0
Christopher Scott,GER,"MF,FW",Antwerp,22,8,0,122,1.4,0,0,0,0,0,0,0,0,0.0,0.0,0.0,0.0,0.0,0.5,7.0,2.0,28.6,2.27,0.65,0.0,0.0,0.0,3.0,4.0,1.0,2.0,3.0,3.0,0.0
Joaquin Seys,BEL,DF,Club Brugge,19,25,22,1737,19.3,2,0,2,2,0,0,0,0,0.1,0.0,0.1,0.1,0.1,8.0,9.0,2.0,22.2,0.45,0.1,0.22,1.0,0.0,13.0,11.0,0.0,30.0,28.0,37.0,0.0
Nick Shinton,BEL,GK,Beerschot,23,21,21,1845,20.5,0,0,0,0,0,0,1,1,0.0,0.0,0.0,0.0,0.0,0.6,0.0,0.0,0.0,0.0,0.0,0.0,0.0,0.0,2.0,1.0,0.0,0.0,0.0,1.0,0.0
Joao Silva,POR,DF,Kortrijk,25,22,22,1875,20.8,1,0,1,1,0,0,5,1,0.05,0.0,0.05,0.05,0.05,1.5,7.0,2.0,28.6,0.34,0.1,0.14,0.5,1.0,13.0,9.0,1.0,1.0,34.0,21.0,1.0
Leonardo da Silva Lopes,POR,MF,Gent,25,9,7,641,7.1,0,0,0,0,0,0,3,1,0.0,0.0,0.0,0.0,0.0,3.5,12.0,3.0,25.0,0.81,0.2,0.0,0.0,1.0,22.0,27.0,0.0,4.0,17.0,25.0,0.0
Jan-Carlo Simic,SRB,DF,Anderlecht,19,24,22,1991,22.1,3,0,3,3,0,0,6,0,0.14,0.0,0.14,0.14,0.14,8.0,12.0,4.0,33.3,0.4,0.13,0.25,0.75,0.0,32.0,27.0,0.0,2.0,33.0,16.0,0.0
Roko Simic,CRO,FW,Kortrijk,20,4,1,145,1.6,0,0,0,0,0,0,1,0,0.0,0.0,0.0,0.0,0.0,2.0,1.0,0.0,0.0,0.62,0.0,0.0,0.0,0.0,3.0,2.0,0.0,0.0,0.0,0.0,0.0
Hugo Siquet,BEL,DF,Club Brugge,22,14,4,452,5.0,2,1,3,2,0,1,3,0,0.4,0.2,0.6,0.4,0.6,4.0,12.0,5.0,41.7,1.51,0.63,0.17,0.4,0.0,11.0,9.0,2.0,34.0,5.0,13.0,0.0
Abdoulaye Sissako,FRA,"MF,DF",Kortrijk,26,24,18,1580,17.6,2,1,3,2,0,0,5,0,0.11,0.06,0.17,0.11,0.17,0.7,14.0,5.0,35.7,0.62,0.22,0.14,0.4,0.0,21.0,14.0,0.0,9.0,31.0,38.0,0.0
Michal Skoras,POL,"FW,MF",Club Brugge,24,24,4,644,7.2,0,0,0,0,0,0,2,0,0.0,0.0,0.0,0.0,0.0,2.5,17.0,7.0,41.2,1.99,0.82,0.0,0.0,0.0,14.0,20.0,3.0,41.0,6.0,15.0,0.0
Andreas Skov Olsen,DEN,FW,Club Brugge,24,19,14,1136,12.6,8,4,12,8,0,0,1,0,0.63,0.32,0.95,0.63,0.95,14.0,39.0,17.0,43.6,3.09,1.35,0.21,0.47,0.0,7.0,12.0,2.0,37.0,4.0,7.0,0.0
Islam Slimani,ALG,"FW,MF",Westerlo,36,9,1,221,2.5,1,0,1,1,0,0,1,0,0.41,0.0,0.41,0.41,0.41,0.5,8.0,2.0,25.0,1.85,0.46,0.25,1.0,0.0,3.0,3.0,4.0,2.0,0.0,3.0,0.0
Matte Smets,BEL,DF,Genk,20,29,28,2483,27.6,0,0,0,0,0,0,4,1,0.0,0.0,0.0,0.0,0.0,13.0,5.0,1.0,20.0,0.14,0.03,0.0,0.0,0.0,20.0,16.0,2.0,4.0,68.0,33.0,0.0
Milan Smits,BEL,MF,Antwerp,19,3,0,29,0.3,0,0,0,0,0,0,1,0,0.0,0.0,0.0,0.0,0.0,0.25,0.0,0.0,0.0,0.0,0.0,0.0,0.0,0.0,1.0,0.0,0.0,0.0,0.0,0.0,0.0
Jordy Soladio,BEL,FW,Dender,26,13,4,407,4.5,1,0,1,1,0,0,3,1,0.22,0.0,0.22,0.22,0.22,0.35,12.0,4.0,33.3,2.65,0.88,0.08,0.25,1.0,7.0,5.0,3.0,3.0,0.0,2.0,0.0
Thibo Somers,BEL,"FW,MF",Cercle Brugge,25,30,30,2573,28.6,3,2,5,3,0,0,3,0,0.1,0.07,0.17,0.1,0.17,2.5,57.0,19.0,33.3,1.65,0.55,0.11,0.32,0.0,37.0,36.0,14.0,50.0,19.0,29.0,0.0
Momodou Sonko,SWE,"FW,DF",Gent,19,22,12,1159,12.9,2,2,4,2,0,0,0,0,0.16,0.16,0.31,0.16,0.31,3.0,28.0,10.0,35.7,1.85,0.66,0.07,0.2,0.0,8.0,13.0,1.0,28.0,10.0,18.0,0.0
Yira Sor,NGA,FW,Genk,24,14,5,597,6.6,1,4,5,1,0,0,0,0,0.15,0.6,0.75,0.15,0.75,5.0,28.0,14.0,50.0,3.32,1.66,0.07,0.14,0.0,1.0,5.0,7.0,16.0,4.0,6.0,0.0
Ibrahima Sory Bangoura,GUI,MF,Genk,20,25,14,1263,14.0,0,0,0,0,0,0,3,0,0.0,0.0,0.0,0.0,0.0,8.0,9.0,1.0,11.1,0.49,0.05,0.0,0.0,1.0,44.0,14.0,0.0,1.0,31.0,41.0,0.0
Massamba Sow,FRA,DF,Charleroi,20,4,1,131,1.5,0,0,0,0,0,0,1,0,0.0,0.0,0.0,0.0,0.0,0.5,6.0,1.0,16.7,0.82,0.14,0.0,0.0,0.0,10.0,5.0,0.0,0.0,12.0,5.0,0.0
Jorne Spileers,BEL,DF,Club Brugge,19,9,5,503,5.6,1,0,1,1,0,0,0,0,0.18,0.0,0.18,0.18,0.18,2.0,2.0,1.0,50.0,0.36,0.18,0.5,1.0,0.0,5.0,0.0,0.0,0.0,3.0,3.0,0.0
Alexandre Stanic,BEL,FW,Antwerp,19,2,0,14,0.1,0,0,0,0,0,0,0,0,0.0,0.0,0.0,0.0,0.0,0.2,2.0,1.0,50.0,3.33,1.67,0.5,1.0,0.0,2.0,0.0,0.0,0.0,0.0,0.0,0.0
Lucas Stassin,BEL,FW,Westerlo,19,5,5,404,4.5,2,3,5,2,0,0,1,0,0.45,0.67,1.11,0.45,1.11,18.0,15.0,6.0,40.0,3.34,1.34,0.13,0.33,0.0,5.0,7.0,0.0,2.0,1.0,2.0,0.0
Jarne Steuckers,BEL,FW,Genk,22,30,30,2538,28.2,8,6,14,3,5,6,1,0,0.28,0.21,0.5,0.11,0.32,11.0,56.0,26.0,46.4,1.63,0.76,0.05,0.12,0.0,12.0,18.0,5.0,236.0,12.0,12.0,0.0
Nikola Storm,BEL,"MF,FW",Mechelen,29,22,18,1399,15.5,4,3,7,4,0,0,2,0,0.26,0.19,0.45,0.26,0.45,2.0,70.0,32.0,45.7,3.14,1.44,0.1,0.22,0.0,7.0,14.0,4.0,70.0,8.0,10.0,0.0
Mario Stroeykens,BEL,MF,Anderlecht,19,23,19,1525,16.9,3,4,7,3,0,0,1,0,0.18,0.24,0.41,0.18,0.41,12.0,32.0,12.0,37.5,1.62,0.61,0.13,0.33,0.0,19.0,30.0,3.0,16.0,13.0,25.0,0.0
Nikola Stulic,SRB,FW,Charleroi,22,18,16,1439,16.0,9,0,9,9,0,0,2,0,0.56,0.0,0.56,0.56,0.56,4.0,76.0,32.0,42.1,2.99,1.26,0.21,0.5,0.0,30.0,26.0,15.0,4.0,7.0,13.0,0.0
Franck Surdez,SUI,"MF,FW",Gent,22,23,14,1220,13.6,2,5,7,2,0,0,2,0,0.15,0.37,0.52,0.15,0.52,2.0,29.0,11.0,37.9,2.14,0.81,0.07,0.18,0.0,18.0,20.0,1.0,38.0,5.0,17.0,0.0
Bosko Sutalo,CRO,DF,Standard Liège,24,21,19,1636,18.2,1,0,1,1,0,0,6,0,0.06,0.0,0.06,0.06,0.06,2.5,8.0,4.0,50.0,0.37,0.19,0.13,0.25,0.0,34.0,8.0,1.0,9.0,63.0,38.0,0.0
Serhiy Sydorchuk,UKR,MF,Westerlo,33,11,3,317,3.5,0,1,1,0,0,0,3,0,0.0,0.28,0.28,0.0,0.28,0.5,7.0,2.0,28.6,1.3,0.37,0.29,1.0,0.0,10.0,3.0,0.0,4.0,7.0,7.0,0.0
Ross Sykes,ENG,DF,Union SG,25,15,12,1018,11.3,2,1,3,2,0,0,4,0,0.18,0.09,0.27,0.18,0.27,2.2,19.0,6.0,31.6,1.45,0.46,0.11,0.33,0.0,14.0,3.0,2.0,6.0,28.0,17.0,0.0
Dembo Sylla,GUI,DF,Dender,21,13,7,672,7.5,0,0,0,0,0,0,1,0,0.0,0.0,0.0,0.0,0.0,0.5,5.0,2.0,40.0,0.44,0.18,0.0,0.0,0.0,13.0,10.0,0.0,18.0,11.0,14.0,0.0
Youssuf Sylla,BEL,FW,Charleroi,21,13,3,392,4.4,0,0,0,0,0,0,0,0,0.0,0.0,0.0,0.0,0.0,0.6,12.0,2.0,16.7,2.76,0.46,0.0,0.0,0.0,12.0,9.0,0.0,2.0,1.0,1.0,0.0
Attila Szalai,HUN,DF,Standard Liège,26,4,3,244,2.7,0,0,0,0,0,0,0,0,0.0,0.0,0.0,0.0,0.0,1.7,0.0,0.0,0.0,0.0,0.0,0.0,0.0,0.0,5.0,2.0,0.0,1.0,10.0,5.0,0.0
Tomoki Takamine,JPN,MF,Kortrijk,26,19,11,979,10.9,0,0,0,0,0,0,2,0,0.0,0.0,0.0,0.0,0.0,0.65,8.0,1.0,12.5,0.74,0.09,0.0,0.0,0.0,31.0,15.0,0.0,3.0,9.0,10.0,0.0
Chemsdine Talbi,MAR,"FW,MF",Club Brugge,19,21,10,952,10.6,5,3,8,5,0,0,1,0,0.47,0.28,0.76,0.47,0.76,8.0,34.0,13.0,38.2,2.52,0.96,0.15,0.38,0.0,4.0,8.0,3.0,65.0,8.0,14.0,0.0
Shogo Taniguchi,JPN,DF,Sint-Truiden,33,13,12,948,10.5,1,0,1,1,0,0,1,1,0.09,0.0,0.09,0.09,0.09,1.0,5.0,1.0,20.0,0.47,0.09,0.2,1.0,0.0,5.0,3.0,0.0,0.0,14.0,10.0,0.0
Henok Teklab,GER,"DF,FW",Union SG,25,5,3,248,2.8,0,1,1,0,0,0,0,0,0.0,0.36,0.36,0.0,0.36,0.8,4.0,1.0,25.0,1.38,0.34,0.0,0.0,0.0,2.0,1.0,1.0,7.0,5.0,4.0,0.0
Casper Terho,FIN,"DF,FW",Union SG,21,9,4,436,4.8,0,1,1,0,0,0,2,0,0.0,0.21,0.21,0.0,0.21,1.8,8.0,1.0,12.5,1.65,0.21,0.0,0.0,0.0,3.0,7.0,1.0,26.0,6.0,4.0,0.0
Jean Thierry Lazare,CIV,MF,Union SG,26,19,10,933,10.4,1,0,1,1,0,0,3,0,0.0961538461538461,0.0,0.0961538461538461,0.0961538461538461,0.0961538461538461,3.0,19.0,6.0,31.58,1.09,0.34,0.11,0.33,0.0,28.0,35.0,2.0,30.0,7.0,24.0,0.0
Yassine Titraoui,ALG,MF,Charleroi,21,22,16,1487,16.5,1,1,2,1,0,0,4,0,0.06,0.06,0.12,0.06,0.12,5.0,47.0,12.0,25.5,2.01,0.51,0.04,0.17,0.0,33.0,32.0,0.0,23.0,34.0,38.0,1.0
Jordan Torunarigha,GER,DF,Gent,26,23,22,1853,20.6,0,1,1,0,0,0,8,1,0.0,0.05,0.05,0.0,0.05,4.0,5.0,1.0,20.0,0.19,0.04,0.0,0.0,1.0,22.0,15.0,1.0,5.0,41.0,26.0,0.0
Ahmed Touba,ALG,DF,Mechelen,26,23,22,1996,22.2,2,0,2,2,0,0,6,0,0.09,0.0,0.09,0.09,0.09,2.5,11.0,4.0,36.4,0.46,0.17,0.18,0.5,0.0,18.0,10.0,3.0,6.0,38.0,29.0,2.0
Mamadou Traore,MLI,DF,Union SG,22,1,0,21,0.2,0,0,0,0,0,0,0,0,0.0,0.0,0.0,0.0,0.0,0.1,0.0,0.0,0.0,0.0,0.0,0.0,0.0,0.0,1.0,0.0,0.0,0.0,0.0,0.0,0.0
Derrick Tshimanga,BEL,DF,Beerschot,35,14,11,1033,11.5,1,0,1,1,0,0,1,0,0.09,0.0,0.09,0.09,0.09,0.1,2.0,1.0,50.0,0.15,0.08,0.5,1.0,0.0,10.0,6.0,0.0,5.0,15.0,16.0,0.0
Antef Tsoungui,BEL,DF,OH Leuven,21,2,0,46,0.5,0,0,0,0,0,0,0,0,0.0,0.0,0.0,0.0,0.0,0.65,0.0,0.0,0.0,0.0,0.0,0.0,0.0,0.0,0.0,1.0,0.0,0.0,1.0,1.0,0.0
Ryotaro Tsunoda,JPN,DF,Kortrijk,25,6,5,454,5.0,0,0,0,0,0,0,1,0,0.0,0.0,0.0,0.0,0.0,0.5,5.0,3.0,60.0,0.45,0.27,0.0,0.0,0.0,7.0,18.0,0.0,1.0,22.0,15.0,0.0
Christos Tzolis,GRE,"FW,MF",Club Brugge,22,28,25,2048,22.8,8,5,13,7,1,1,4,1,0.35,0.22,0.57,0.31,0.53,25.0,125.0,52.0,41.6,3.9,1.62,0.1,0.25,1.0,21.0,47.0,13.0,111.0,18.0,16.0,0.0
Victor Udoh,NGA,"FW,DF",Antwerp,19,12,0,88,1.0,0,0,0,0,0,0,0,0,0.0,0.0,0.0,0.0,0.0,0.4,4.0,1.0,25.0,4.09,1.02,0.0,0.0,0.0,4.0,4.0,2.0,5.0,1.0,1.0,0.0
Edgaras Utkus,LTU,DF,Cercle Brugge,24,18,11,976,10.8,0,0,0,0,0,0,4,1,0.0,0.0,0.0,0.0,0.0,1.8,21.0,4.0,19.0,1.46,0.28,0.0,0.0,0.0,20.0,11.0,1.0,2.0,22.0,21.0,0.0
Anthony Valencia,ECU,"FW,DF",Antwerp,21,26,8,889,9.9,2,2,4,2,0,0,3,0,0.2,0.2,0.4,0.2,0.4,1.2,22.0,7.0,31.8,2.23,0.71,0.09,0.29,0.0,14.0,13.0,1.0,22.0,9.0,17.0,0.0
Jules Van Cleemput,BEL,DF,Mechelen,27,10,4,315,3.5,0,0,0,0,0,0,2,1,0.0,0.0,0.0,0.0,0.0,0.0,3.0,0.0,0.0,0.86,0.0,0.0,0.0,1.0,1.0,2.0,0.0,2.0,10.0,3.0,0.0
Hendrik Van Crombrugge,BEL,GK,Genk,31,19,19,1710,19.0,0,0,0,0,0,0,2,0,0.0,0.0,0.0,0.0,0.0,1.7,0.0,0.0,0.0,0.0,0.0,0.0,0.0,0.0,1.0,1.0,0.0,1.0,0.0,0.0,0.0
Zeno Van den Bosch,BEL,DF,Antwerp,21,30,30,2699,30.0,1,0,1,1,0,0,5,0,0.03,0.0,0.03,0.03,0.03,10.0,10.0,4.0,40.0,0.25,0.1,0.1,0.25,0.0,39.0,11.0,1.0,2.0,49.0,41.0,1.0
Thomas Van den Keybus,BEL,MF,Westerlo,23,18,7,694,7.7,0,1,1,0,0,0,3,0,0.0,0.13,0.13,0.0,0.13,0.8,22.0,6.0,27.3,1.4,0.38,0.09,0.33,0.0,24.0,17.0,3.0,65.0,12.0,17.0,0.0
Hannes Van der Bruggen,BEL,MF,Cercle Brugge,31,27,25,1997,22.2,1,1,2,1,0,0,7,0,0.05,0.05,0.09,0.05,0.09,0.6,28.0,9.0,32.1,1.0,0.32,0.04,0.11,0.0,33.0,24.0,0.0,25.0,39.0,48.0,0.0
Rein Van Helden,BEL,DF,Sint-Truiden,22,27,26,2340,26.0,1,1,2,1,0,0,7,1,0.04,0.04,0.08,0.04,0.08,2.5,13.0,4.0,30.8,0.42,0.13,0.08,0.25,1.0,39.0,21.0,0.0,11.0,41.0,41.0,0.0
Koen Van Langendonck,BEL,GK,Westerlo,35,10,10,900,10.0,0,0,0,0,0,0,0,0,0.0,0.0,0.0,0.0,0.0,0.15,0.0,0.0,0.0,0.0,0.0,0.0,0.0,0.0,1.0,0.0,0.0,0.0,1.0,0.0,0.0
Jasper Van Oudenhove,BEL,"MF,DF",Dender,25,7,1,153,1.7,0,0,0,0,0,0,2,0,0.0,0.0,0.0,0.0,0.0,0.2,2.0,1.0,50.0,0.84,0.42,0.0,0.0,0.0,4.0,4.0,1.0,7.0,3.0,4.0,0.0
Hans Vanaken,BEL,MF,Club Brugge,31,29,29,2583,28.7,9,10,19,9,0,0,3,0,0.31,0.35,0.66,0.31,0.66,7.0,55.0,32.0,58.2,1.44,0.84,0.18,0.31,0.0,26.0,34.0,1.0,24.0,15.0,28.0,0.0
Zalan Vancsa,HUN,MF,Gent,19,2,1,85,0.9,0,0,0,0,0,0,0,0,0.0,0.0,0.0,0.0,0.0,0.8,0.0,0.0,0.0,0.0,0.0,0.0,0.0,0.0,1.0,2.0,0.0,1.0,0.0,0.0,0.0
Tom Vandenberghe,BEL,GK,Kortrijk,31,12,12,1080,12.0,0,0,0,0,0,0,0,0,0.0,0.0,0.0,0.0,0.0,0.4,0.0,0.0,0.0,0.0,0.0,0.0,0.0,0.0,1.0,4.0,0.0,0.0,1.0,0.0,0.0
Gerard Vandeplas,BEL,"MF,FW",Antwerp,18,5,0,33,0.4,0,0,0,0,0,0,0,0,0.0,0.0,0.0,0.0,0.0,0.4,0.0,0.0,0.0,0.0,0.0,0.0,0.0,0.0,0.0,2.0,0.0,0.0,0.0,0.0,0.0
Zinho Vanheusden,BEL,DF,Mechelen,25,2,2,158,1.8,0,0,0,0,0,0,1,0,0.0,0.0,0.0,0.0,0.0,1.0,2.0,1.0,50.0,1.14,0.57,0.0,0.0,0.0,2.0,2.0,0.0,0.0,2.0,0.0,0.0
Charles Vanhoutte,BEL,MF,Union SG,25,24,23,2029,22.5,1,3,4,1,0,0,2,1,0.04,0.13,0.18,0.04,0.18,6.0,19.0,5.0,26.3,0.64,0.17,0.05,0.2,0.0,31.0,31.0,1.0,131.0,42.0,45.0,0.0
Keano Vanrafelghem,BEL,"MF,FW",Mechelen,20,5,1,159,1.8,0,0,0,0,0,0,0,0,0.0,0.0,0.0,0.0,0.0,0.9,7.0,3.0,42.9,2.02,0.87,0.14,0.33,0.0,4.0,8.0,0.0,11.0,0.0,4.0,0.0
Robert-Jan Vanwesemael,BEL,"MF,DF",Sint-Truiden,22,29,16,1399,15.5,1,1,2,1,0,0,3,0,0.06,0.06,0.13,0.06,0.13,1.0,8.0,3.0,37.5,0.45,0.17,0.13,0.33,0.0,25.0,7.0,2.0,43.0,19.0,24.0,0.0
Dante Vanzeir,BEL,FW,Gent,26,8,7,604,6.7,4,1,5,2,2,2,0,0,0.6,0.15,0.75,0.3,0.45,5.0,39.0,15.0,38.5,2.65,1.02,0.08,0.2,0.0,3.0,8.0,7.0,27.0,4.0,6.0,0.0
Helio Varela,CPV,"FW,MF",Gent,22,10,0,146,1.6,0,1,1,0,0,0,2,0,0.0,0.62,0.62,0.0,0.62,1.2,1.0,1.0,100.0,0.62,0.62,0.0,0.0,0.0,2.0,7.0,2.0,7.0,1.0,1.0,0.0
Oscar Vargas,BEL,DF,Beerschot,18,1,0,11,0.1,0,0,0,0,0,0,0,0,0.0,0.0,0.0,0.0,0.0,0.05,0.0,0.0,0.0,0.0,0.0,0.0,0.0,0.0,0.0,0.0,0.0,0.0,0.0,0.0,0.0
Luis Vazquez,ARG,"FW,MF",Anderlecht,23,28,6,928,10.3,4,1,5,4,0,0,2,0,0.39,0.1,0.48,0.39,0.48,2.5,36.0,15.0,41.7,2.72,1.13,0.11,0.27,0.0,17.0,13.0,8.0,3.0,0.0,11.0,0.0
Thibaud Verlinden,BEL,"MF,FW",Beerschot,25,26,26,2101,23.3,2,6,8,2,0,0,3,1,0.0858369098712446,0.2575107296137339,0.3433476394849786,0.0858369098712446,0.3433476394849786,1.7,68.0,27.0,39.71,2.38,0.94,0.04,0.11,0.0,26.0,26.0,5.0,184.0,8.0,20.0,0.0
Romeo Vermant,BEL,FW,Club Brugge,20,19,7,659,7.3,3,2,5,3,0,0,2,0,0.41,0.27,0.68,0.41,0.68,6.0,39.0,24.0,61.5,3.3,2.03,0.23,0.38,0.0,19.0,32.0,8.0,7.0,4.0,11.0,0.0
Michael Verrips,NED,GK,Dender,27,27,27,2336,26.0,0,0,0,0,0,0,1,0,0.0,0.0,0.0,0.0,0.0,0.8,0.0,0.0,0.0,0.0,0.0,0.0,0.0,0.0,1.0,5.0,0.0,1.0,1.0,1.0,0.0
Yari Verschaeren,BEL,"MF,FW",Anderlecht,23,25,17,1508,16.8,3,4,7,3,0,0,1,0,0.18,0.24,0.42,0.18,0.42,5.0,34.0,11.0,32.4,1.46,0.47,0.12,0.36,0.0,7.0,45.0,3.0,76.0,19.0,34.0,0.0
Birger Verstraete,BEL,MF,OH Leuven,30,26,24,2142,23.8,0,3,3,0,0,0,9,0,0.0,0.13,0.13,0.0,0.13,1.8,17.0,2.0,11.8,0.54,0.06,0.0,0.0,0.0,47.0,43.0,1.0,55.0,67.0,40.0,0.0
Andreas Verstraeten,BEL,MF,Antwerp,18,10,4,457,5.1,0,0,0,0,0,0,1,0,0.0,0.0,0.0,0.0,0.0,0.8,3.0,0.0,0.0,0.46,0.0,0.0,0.0,0.0,9.0,1.0,0.0,2.0,7.0,10.0,0.0
Jan Vertonghen,BEL,DF,Anderlecht,37,4,3,274,3.0,0,0,0,0,0,0,1,0,0.0,0.0,0.0,0.0,0.0,1.0,2.0,0.0,0.0,0.5,0.0,0.0,0.0,0.0,4.0,3.0,0.0,0.0,3.0,1.0,0.0
Hugo Vetlesen,NOR,"MF,FW",Club Brugge,24,23,14,1162,12.9,1,1,2,1,0,0,4,0,0.08,0.08,0.15,0.08,0.15,4.0,32.0,9.0,28.1,1.92,0.54,0.06,0.22,0.0,20.0,17.0,1.0,25.0,14.0,16.0,0.0
Malcolm Viltard,FRA,"MF,DF",Dender,21,23,11,1078,12.0,0,0,0,0,0,0,3,0,0.0,0.0,0.0,0.0,0.0,0.75,16.0,3.0,18.8,0.79,0.15,0.0,0.0,0.0,22.0,29.0,0.0,32.0,37.0,28.0,0.0
Thibault Vlietinck,BEL,DF,OH Leuven,26,23,15,1270,14.1,1,0,1,1,0,0,2,0,0.07,0.0,0.07,0.07,0.07,0.6,8.0,3.0,37.5,0.42,0.16,0.13,0.33,0.0,13.0,27.0,1.0,61.0,13.0,16.0,0.0
Luka Vuskovic,CRO,DF,Westerlo,17,28,28,2474,27.5,7,1,8,7,0,0,6,1,0.25,0.04,0.29,0.25,0.29,12.0,47.0,18.0,38.3,1.43,0.55,0.15,0.39,0.0,23.0,24.0,0.0,5.0,36.0,19.0,1.0
Sandy Walsh,IDN,DF,Mechelen,29,6,2,199,2.2,0,0,0,0,0,0,1,0,0.0,0.0,0.0,0.0,0.0,0.8,1.0,0.0,0.0,0.45,0.0,0.0,0.0,0.0,2.0,2.0,0.0,1.0,1.0,1.0,0.0
Warleson,BRA,GK,Cercle Brugge,27,10,9,817,9.1,0,0,0,0,0,0,1,0,0.0,0.0,0.0,0.0,0.0,2.5,0.0,0.0,0.0,0.0,0.0,0.0,0.0,0.0,0.0,1.0,0.0,0.0,0.0,1.0,0.0
Tsuyoshi Watanabe,JPN,DF,Gent,27,27,27,2422,26.9,2,2,4,2,0,0,3,0,0.07,0.07,0.15,0.07,0.15,9.0,31.0,8.0,25.8,0.91,0.24,0.06,0.25,0.0,23.0,15.0,0.0,2.0,38.0,27.0,0.0
Stephen Welsh,SCO,DF,Mechelen,24,7,5,405,4.5,0,0,0,0,0,0,1,0,0.0,0.0,0.0,0.0,0.0,1.0,8.0,2.0,25.0,0.55,0.14,0.13,0.5,0.0,7.0,8.0,1.0,3.0,16.0,12.0,0.0
Marco Weymans,BDI,"DF,MF",Beerschot,27,21,5,866,9.6,1,1,2,1,0,0,4,0,0.1,0.1,0.21,0.1,0.21,0.3,7.0,2.0,28.6,0.57,0.16,0.14,0.5,0.0,18.0,12.0,0.0,20.0,16.0,22.0,0.0
D'Margio Wright-Phillips,GRN,"FW,MF",Beerschot,22,10,0,159,1.8,0,0,0,0,0,0,0,0,0.0,0.0,0.0,0.0,0.0,0.25,2.0,0.0,0.0,1.12,0.0,0.0,0.0,0.0,3.0,2.0,0.0,2.0,1.0,0.0,0.0
Rihito Yamamoto,JPN,MF,Sint-Truiden,22,18,11,948,10.5,0,1,1,0,0,0,1,0,0.0,0.09,0.09,0.0,0.09,0.9,8.0,1.0,12.5,0.69,0.09,0.0,0.0,1.0,18.0,16.0,0.0,16.0,12.0,15.0,0.0
Elton Yeboah,BEL,"MF,DF",Mechelen,19,2,0,12,0.1,0,0,0,0,0,0,1,0,0.0,0.0,0.0,0.0,0.0,0.2,0.0,0.0,0.0,0.0,0.0,0.0,0.0,0.0,1.0,0.0,0.0,0.0,1.0,0.0,0.0
Daisuke Yokota,JPN,MF,Gent,24,3,3,231,2.6,1,0,1,1,0,0,1,0,0.39,0.0,0.39,0.39,0.39,2.5,1.0,1.0,100.0,0.39,0.39,1.0,1.0,0.0,2.0,5.0,0.0,1.0,0.0,1.0,0.0
Rhys Youlley,AUS,"FW,MF",Westerlo,19,4,0,47,0.5,0,0,0,0,0,0,0,0,0.0,0.0,0.0,0.0,0.0,0.2,2.0,0.0,0.0,3.1,0.0,0.0,0.0,0.0,0.0,0.0,0.0,0.0,1.0,3.0,0.0
Kadan Young,ENG,FW,Antwerp,18,3,1,64,0.7,0,0,0,0,0,0,0,0,0.0,0.0,0.0,0.0,0.0,0.3,3.0,1.0,33.3,2.7,0.9,0.0,0.0,0.0,2.0,2.0,0.0,4.0,1.0,1.0,0.0
Griffin Yow,USA,FW,Westerlo,21,24,17,1529,17.0,4,3,7,2,2,2,2,0,0.24,0.18,0.41,0.12,0.29,4.0,71.0,28.0,39.4,2.94,1.16,0.07,0.18,0.0,24.0,23.0,5.0,70.0,9.0,39.0,0.0
Alhassan Yusuf,NGA,"MF,DF",Antwerp,24,1,0,7,0.1,0,0,0,0,0,0,0,0,0.0,0.0,0.0,0.0,0.0,3.0,0.0,0.0,0.0,0.0,0.0,0.0,0.0,0.0,0.0,0.0,0.0,0.0,0.0,0.0,0.0
Kahveh Zahiroleslam,USA,FW,Sint-Truiden,22,17,13,1072,11.9,3,2,5,3,0,0,1,0,0.25,0.17,0.42,0.25,0.42,0.8,33.0,13.0,39.4,2.7,1.06,0.09,0.23,0.0,16.0,25.0,4.0,6.0,2.0,7.0,0.0
Lequincio Zeefuik,NED,FW,OH Leuven,19,9,6,467,5.2,0,0,0,0,0,0,2,0,0.0,0.0,0.0,0.0,0.0,0.85,15.0,3.0,20.0,1.85,0.37,0.0,0.0,0.0,24.0,14.0,2.0,3.0,0.0,7.0,0.0
Andi Zeqiri,SUI,FW,Standard Liège,25,25,23,1765,19.6,9,2,11,4,5,5,0,0,0.4591836734693877,0.1020408163265306,0.5612244897959183,0.2040816326530612,0.3061224489795918,4.0,65.0,22.0,33.85,3.28,1.11,0.14,0.41,0.0,34.0,12.0,21.0,5.0,3.0,6.0,0.0
Adem Zorgane,ALG,MF,Charleroi,24,30,30,2693,29.9,1,4,5,1,0,0,3,0,0.03,0.13,0.17,0.03,0.17,6.0,33.0,11.0,33.3,0.85,0.28,0.03,0.09,0.0,36.0,8.0,0.0,219.0,38.0,61.0,0.0
Viktor Djukanovic,MNE,"DF,MF",Standard Liège,20,4,0,47,0.5,0,0,0,0,0,0,0,0,0.0,0.0,0.0,0.0,0.0,1.5,0.0,0.0,0.0,0.0,0.0,0.0,0.0,0.0,0.0,2.0,0.0,3.0,0.0,0.0,0.0
