Player,Nation,Pos,Squad,Age,MP,Starts,Min,90s,GA,GA90,SoTA,Saves,Save%,W,D,L,CS,CS%,PKatt,PKA,PKsv,PKm,PKsv%,Value,league
Denis Adamov,RUS,GK,Zenit,26,4,3,327,3.6,5,1.38,14,9,64.3,2,0,1,1,33.3,0,0,0,0,0.0,1.0,RU1
Stanislav Agkatsev,RUS,GK,Krasnodar,22,30,30,2700,30.0,23,0.77,98,79,77.6,20,7,3,15,50.0,4,1,3,0,75.0,7.5,RU1
Igor Akinfeev,RUS,GK,CSKA Moscow,38,28,28,2520,28.0,21,0.75,71,53,74.6,15,8,5,12,42.9,3,3,0,0,0.0,1.0,RU1
Rustam Yatimov,TJK,GK,Rostov,26,20,20,1771,19.7,26,1.32,81,57,70.4,9,6,5,3,15.0,3,2,0,1,0.0,1.5,RU1
Aleksandr Belenov,RUS,GK,Fakel Voronezh,37,12,12,1080,12.0,17,1.42,48,31,64.6,1,4,7,3,25.0,0,0,0,0,0.0,0.1,RU1
Aleksandr Dovbnya,RUS,GK,Spartak Moscow,37,1,0,21,0.2,0,0.0,0,0,0.0,0,0,0,1,0.0,0,0,0,0,0.0,0.05,RU1
Vitali Gudiyev,RUS,GK,Fakel Voronezh,29,18,18,1620,18.0,25,1.39,78,59,75.6,1,8,9,5,27.8,6,6,0,0,0.0,0.4,RU1
Hidajet Hankic,BIH,GK,Rostov,30,2,2,180,2.0,4,2.0,9,5,55.6,0,1,1,0,0.0,0,0,0,0,0.0,0.4,RU1
Nikita Kokarev,RUS,GK,FC Khimki,21,21,21,1890,21.0,35,1.67,116,85,71.6,5,8,8,5,23.8,4,2,2,0,50.0,1.5,RU1
Ilya Lantratov,RUS,GK,Loko Moscow,28,22,22,1980,22.0,35,1.59,95,62,65.3,13,3,6,5,22.7,2,2,0,0,0.0,2.5,RU1
Yevgeni Latyshonok,RUS,GK,Zenit,26,27,27,2373,26.4,13,0.49,77,65,84.4,18,6,3,16,59.3,2,1,1,0,50.0,4.0,RU1
Igor Leshchuk,RUS,GK,Dynamo Moscow,28,5,4,372,4.1,3,0.73,24,21,87.5,2,2,0,1,25.0,0,0,0,0,0.0,0.7,RU1
Ivan Lomaev,RUS,GK,Samara,25,13,12,1106,12.3,20,1.63,57,39,66.7,2,3,7,2,16.7,2,1,1,0,50.0,1.5,RU1
Vadim Lukyanov,RUS,GK,Nizhny Novgorod,21,2,2,180,2.0,4,2.0,11,7,63.6,0,1,1,0,0.0,0,0,0,0,0.0,0.3,RU1
Andrey Lunyov,RUS,GK,Dynamo Moscow,32,26,26,2328,25.9,32,1.24,108,79,73.1,14,6,6,5,19.2,4,3,0,1,0.0,1.2,RU1
Timur Magomedov,RUS,GK,D'mo Makhachkala,22,10,10,900,10.0,13,1.3,41,28,68.3,3,2,5,1,10.0,2,0,0,2,0.0,0.7,RU1
Aleksandr Maksimenko,RUS,GK,Spartak Moscow,26,27,27,2430,27.0,23,0.85,74,52,70.3,15,5,7,15,55.6,1,1,0,0,0.0,4.5,RU1
Nikita Medvedev,RUS,GK,Nizhny Novgorod,29,28,28,2520,28.0,50,1.79,147,104,69.4,7,5,16,6,21.4,7,5,2,0,28.6,0.8,RU1
Anton Mitryushkin,RUS,GK,Loko Moscow,28,8,8,720,8.0,6,0.75,37,31,83.8,2,5,1,3,37.5,0,0,0,0,0.0,1.8,RU1
Bogdan Moskvichev,RUS,GK,Orenburg,20,17,17,1516,16.8,33,1.96,79,52,63.3,3,4,10,2,11.8,7,4,3,0,42.9,0.8,RU1
Artur Nigmatullin,RUS,GK,Rubin Kazan,33,2,2,180,2.0,6,3.0,7,2,28.6,1,0,1,0,0.0,1,1,0,0,0.0,0.4,RU1
Igor Obukhov,RUS,GK,FC Khimki,28,9,9,810,9.0,21,2.33,44,25,54.5,1,3,5,0,0.0,2,1,1,0,50.0,0.4,RU1
Daniil Odoevski,RUS,GK,Rostov,21,9,8,749,8.3,13,1.56,43,32,74.4,1,2,5,2,25.0,2,2,0,0,0.0,0.8,RU1
Mikhail Oparin,RUS,GK,Akhmat Grozny,31,1,1,90,1.0,0,0.0,2,2,100.0,1,0,0,1,100.0,0,0,0,0,0.0,0.25,RU1
Sergei Pesyakov,RUS,GK,Samara,35,19,18,1594,17.7,31,1.75,77,53,68.8,6,4,8,3,16.7,7,7,0,0,0.0,0.3,RU1
Ilya Pomazun,RUS,GK,Spartak Moscow,27,3,3,249,2.8,2,0.72,10,9,90.0,2,1,0,2,66.7,1,1,0,0,0.0,1.2,RU1
Giorgi Shelia,RUS,GK,Akhmat Grozny,35,27,27,2430,27.0,44,1.63,121,82,67.8,3,12,12,5,18.5,5,5,0,0,0.0,0.3,RU1
Evgenii Staver,RUS,GK,Rubin Kazan,26,28,28,2520,28.0,39,1.39,121,91,74.4,12,6,10,7,25.0,9,8,1,0,11.1,1.5,RU1
Nikolai Sysuyev,RUS,GK,Orenburg,25,14,13,1184,13.2,23,1.75,74,52,70.3,1,3,9,2,15.4,1,1,0,0,0.0,0.8,RU1
Vladislav Torop,RUS,GK,CSKA Moscow,20,2,2,180,2.0,0,0.0,6,6,100.0,2,0,0,2,100.0,0,0,0,0,0.0,1.0,RU1
Vadim Ulyanov,RUS,GK,Akhmat Grozny,22,2,2,180,2.0,4,2.0,14,13,92.9,0,1,1,0,0.0,3,3,0,0,0.0,0.5,RU1
Aleksandr Vasyutin,RUS,GK,FK Akron Tolyatti,29,15,15,1228,13.6,21,1.54,85,69,78.8,8,2,5,7,46.7,5,3,2,0,40.0,0.9,RU1
David Volk,RUS,GK,D'mo Makhachkala,23,20,20,1800,20.0,22,1.1,65,45,69.2,3,9,8,6,30.0,4,2,0,2,0.0,1.2,RU1
Sergei Volkov,RUS,GK,FK Akron Tolyatti,29,18,15,1472,16.4,34,2.08,93,61,65.6,2,3,10,4,26.7,3,2,0,1,0.0,1.0,RU1
Gavin Bazunu,IRL,GK,Standard Liège,22,8,8,720,8.0,15,1.87,32,17,53.1,1,2,5,1,12.5,0,0,0,0,0.0,9.0,BE1
Arnaud Bodart,BEL,GK,Standard Liège,26,2,2,180,2.0,1,0.5,6,5,83.3,1,1,0,1,50.0,0,0,0,0,0.0,2.5,BE1
Sinan Bolat,TUR,GK,Westerlo,35,11,11,990,11.0,20,1.82,59,41,69.5,4,3,4,1,9.1,2,2,0,0,0.0,0.15,BE1
Colin Coosemans,BEL,GK,Anderlecht,31,38,38,3420,38.0,38,1.0,172,136,78.5,17,7,14,17,44.7,4,1,2,1,66.7,1.5,BE1
Jo Coppens,BEL,GK,Sint-Truiden,33,3,3,270,3.0,11,3.67,17,7,41.2,0,0,3,0,0.0,1,1,0,0,0.0,0.15,BE1
Ortwin De Wolf,BEL,GK,Mechelen,27,39,39,3510,39.0,54,1.38,180,131,72.8,12,14,13,10,25.6,6,5,1,0,16.7,1.5,BE1
Theo Defourny,BEL,GK,Charleroi,32,1,1,90,1.0,2,2.0,4,2,50.0,0,0,1,0,0.0,0,0,0,0,0.0,0.3,BE1
Maxime Delanghe,BEL,GK,Cercle Brugge,23,24,24,2151,23.9,33,1.38,97,66,68.0,6,10,8,7,29.2,3,2,1,0,33.3,1.2,BE1
Martin Delavallee,BEL,GK,Charleroi,20,18,18,1620,18.0,23,1.28,93,70,75.3,8,5,5,5,27.8,0,0,0,0,0.0,1.5,BE1
Julien Devriendt,BEL,GK,Dender,25,4,3,315,3.5,9,2.57,25,17,68.0,0,1,2,0,0.0,1,1,0,0,0.0,0.2,BE1
Guillaume Dietsch,FRA,GK,Dender,23,4,3,319,3.5,3,0.85,9,5,66.7,1,2,0,2,66.7,0,0,0,0,0.0,0.25,BE1
Matthieu Epolo,BEL,GK,Standard Liège,19,27,26,2385,26.5,26,0.98,112,88,77.7,5,12,9,11,42.3,2,1,1,0,50.0,4.0,BE1
Nick Gillekens,BEL,GK,Westerlo,29,1,1,90,1.0,3,3.0,11,8,72.7,0,0,1,0,0.0,0,0,0,0,0.0,0.25,BE1
Patrik Gunnarsson,ISL,GK,Kortrijk,23,11,11,922,10.2,16,1.56,37,21,56.8,3,2,6,1,9.1,0,0,0,0,0.0,1.0,BE1
Laurent Henkinet,BEL,GK,Standard Liège,31,4,4,315,3.5,1,0.29,13,12,92.3,3,1,0,2,50.0,0,0,0,0,0.0,0.25,BE1
Marko Ilic,SRB,GK,Kortrijk,26,5,5,425,4.7,9,1.91,28,19,67.9,0,1,4,0,0.0,0,0,0,0,0.0,0.7,BE1
Nordin Jackers,BEL,GK,Club Brugge,26,7,5,527,5.9,4,0.68,23,19,82.6,3,2,0,3,60.0,0,0,0,0,0.0,1.2,BE1
Andreas Jungdal,DEN,GK,Westerlo,22,17,17,1530,17.0,26,1.53,67,46,65.7,7,6,4,3,17.6,6,3,2,1,40.0,1.5,BE1
Mads Kikkenborg,DEN,GK,Anderlecht,24,2,2,180,2.0,2,1.0,10,8,80.0,1,0,1,0,0.0,0,0,0,0,0.0,0.4,BE1
Leo Kokubo,JPN,GK,Sint-Truiden,23,33,33,2970,33.0,55,1.67,132,88,65.9,10,11,12,5,15.2,11,10,1,0,9.1,3.0,BE1
Mohamed Kone,CIV,GK,Charleroi,22,21,21,1890,21.0,21,1.0,70,53,74.3,8,5,8,6,28.6,4,3,1,0,25.0,1.2,BE1
Senne Lammens,BEL,GK,Antwerp,22,40,40,3600,40.0,50,1.25,211,168,78.2,14,13,13,10,25.0,8,4,4,0,50.0,9.0,BE1
Tobe Leysen,BEL,GK,OH Leuven,22,38,38,3399,37.8,48,1.27,163,121,73.6,9,18,11,11,28.9,6,5,1,0,16.7,4.0,BE1
Davor Matijas,CRO,GK,Beerschot Wilrijk,24,13,12,1122,12.5,28,2.25,62,41,64.5,0,1,11,2,16.7,7,6,1,0,14.3,0.4,BE1
Simon Mignolet,BEL,GK,Club Brugge,36,35,35,3073,34.1,38,1.11,111,76,68.5,21,8,6,11,31.4,4,3,1,0,25.0,1.2,BE1
Anthony Moris,LUX,GK,Union SG,34,40,40,3600,40.0,28,0.7,113,86,76.1,24,11,5,20,50.0,3,1,1,1,50.0,1.8,BE1
Mike Penders,BEL,GK,Genk,19,21,21,1889,21.0,20,0.95,65,52,76.9,12,3,6,5,23.8,7,5,2,0,28.6,12.0,BE1
Lucas Pirard,BEL,GK,Kortrijk,29,9,7,693,7.7,12,1.56,35,24,68.6,3,2,2,2,28.6,1,1,0,0,0.0,0.25,BE1
Maxence Prevot,FRA,GK,OH Leuven,27,2,2,180,2.0,3,1.5,9,6,66.7,0,0,2,0,0.0,0,0,0,0,0.0,0.4,BE1
Davy Roef,BEL,GK,Gent,30,26,26,2340,26.0,30,1.15,145,116,80.0,9,11,6,11,42.3,1,1,0,0,0.0,2.5,BE1
Daniel Schmidt,JPN,GK,Gent,32,1,1,90,1.0,0,0.0,5,5,100.0,1,0,0,1,100.0,0,0,0,0,0.0,0.7,BE1
Nick Shinton,BEL,GK,Beerschot Wilrijk,23,21,21,1845,20.5,37,1.8,118,85,72.0,3,8,10,4,19.0,4,4,0,0,0.0,0.6,BE1
Hendrik Van Crombrugge,BEL,GK,Genk,31,19,19,1710,19.0,24,1.26,71,47,66.2,13,3,3,8,42.1,1,0,0,1,0.0,1.7,BE1
Koen Van Langendonck,BEL,GK,Westerlo,35,11,11,990,11.0,16,1.45,38,25,63.2,2,3,6,3,27.3,3,2,1,0,33.3,0.15,BE1
Tom Vandenberghe,BEL,GK,Gent,31,22,22,1980,22.0,55,2.5,118,67,56.78,4,2,16,3,0.14,5,3,1,1,25.0,0.4,BE1
Michael Verrips,NED,GK,Dender,27,34,34,2966,33.0,60,1.82,166,115,69.3,10,9,15,8,23.5,9,9,0,0,0.0,0.8,BE1
Warleson,BRA,GK,Cercle Brugge,27,13,12,1087,12.1,24,1.99,59,38,64.4,3,2,7,0,0.0,3,3,0,0,0.0,2.5,BE1
Adrian,ESP,GK,Real Betis,37,19,19,1710,19.0,27,1.42,76,50,65.8,10,5,4,3,15.8,1,1,0,0,0.0,0.5,ES1
Julen Agirrezabala,ESP,GK,Athletic Club,23,14,14,1206,13.4,10,0.75,32,24,71.9,9,4,1,5,35.7,2,1,1,0,50.0,15.0,ES1
Augusto Batalla,ARG,GK,Rayo Vallecano,28,32,32,2880,32.0,39,1.22,125,93,73.6,10,12,10,8,25.0,8,6,2,0,25.0,6.0,ES1
Dani Cardenas,ESP,GK,Rayo Vallecano,27,6,6,540,6.0,6,1.0,20,14,70.0,3,1,2,2,33.3,0,0,0,0,0.0,1.8,ES1
Jasper Cillessen,NED,GK,Las Palmas,35,27,27,2335,25.9,42,1.62,123,88,69.1,6,8,13,3,11.1,8,4,3,1,42.9,0.8,ES1
Diego Conde,ESP,GK,Villarreal,25,22,22,1962,21.8,33,1.51,93,63,67.7,11,6,5,2,9.1,4,3,0,1,0.0,7.5,ES1
Thibaut Courtois,BEL,GK,Real Madrid,32,30,30,2700,30.0,29,0.97,103,77,74.8,20,6,4,11,36.7,3,3,0,0,0.0,20.0,ES1
Stole Dimitrievski,MKD,GK,Valencia,30,4,4,360,4.0,6,1.5,11,6,54.5,0,2,2,0,0.0,2,1,0,1,0.0,2.5,ES1
Marko Dmitrovic,SRB,GK,Leganés,32,32,32,2880,32.0,49,1.53,145,102,71.0,8,11,13,10,31.3,8,7,0,1,0.0,0.8,ES1
Aitor Fernandez,ESP,GK,Osasuna,33,1,1,90,1.0,0,0.0,5,5,100.0,0,1,0,1,100.0,0,0,0,0,0.0,0.7,ES1
Alvaro Fernandez,ESP,GK,Sevilla,26,9,8,747,8.3,16,1.93,34,20,58.8,2,1,5,3,37.5,2,2,0,0,0.0,2.0,ES1
Andre Ferreira,POR,GK,Valladolid,28,6,6,540,6.0,20,3.33,37,20,54.1,0,0,6,0,0.0,3,3,0,0,0.0,0.7,ES1
Fran,ESP,GK,Real Madrid,19,1,1,90,1.0,2,2.0,2,0,0.0,0,0,1,0,0.0,0,0,0,0,0.0,0.4,ES1
Paulo Gazzaniga,ARG,GK,Girona,32,36,36,3195,35.5,51,1.44,136,90,64.0,11,8,17,8,22.2,5,2,3,0,60.0,2.5,ES1
Dominik Greif,SVK,GK,Mallorca,27,31,31,2790,31.0,34,1.1,117,85,72.6,11,8,12,7,22.6,2,2,0,0,0.0,6.0,ES1
Vicente Guaita,ESP,GK,Celta Vigo,37,34,34,3060,34.0,48,1.41,126,81,64.3,14,7,13,8,23.5,3,3,0,0,0.0,0.7,ES1
Sergio Herrera,ESP,GK,Osasuna,31,37,37,3330,37.0,52,1.41,177,132,74.6,12,15,10,8,21.6,7,7,0,0,0.0,3.0,ES1
Dinko Horkas,CRO,GK,Las Palmas,25,13,11,1085,12.1,19,1.58,53,36,66.0,2,0,9,1,9.1,2,1,1,0,50.0,1.2,ES1
Karl Jakob Hein,EST,GK,Valladolid,22,31,31,2790,31.0,68,2.19,160,96,60.0,4,4,23,5,16.1,4,4,0,0,0.0,3.0,ES1
Luiz Lucio Reis Junior,BRA,GK,Villarreal,23,18,17,1548,17.2,18,1.0465116279069768,67,51,76.11940298507463,10,4,3,6,33.33333333333333,4,4,0,0,0.0,10.0,ES1
Vladyslav Krapyvtsov,UKR,GK,Girona,19,2,2,180,2.0,7,3.5,18,12,66.7,0,0,2,0,0.0,1,1,0,0,0.0,0.2,ES1
Pau Lopez,ESP,GK,Girona,29,1,0,45,0.5,2,4.0,3,1,33.3,0,0,0,0,0.0,0,0,0,0,0.0,2.5,ES1
Andriy Lunin,UKR,GK,Real Madrid,25,7,7,630,7.0,7,1.0,20,13,65.0,6,0,1,4,57.1,0,0,0,0,0.0,18.0,ES1
Giorgi Mamardashvili,GEO,GK,Valencia,23,34,34,3060,34.0,48,1.41,132,91,67.4,11,11,12,8,23.5,7,5,2,0,28.6,30.0,ES1
Unai Marrero,ESP,GK,Real Sociedad,22,2,2,180,2.0,3,1.5,10,8,70.0,0,0,2,0,0.0,1,0,1,0,100.0,0.6,ES1
Juan Musso,ARG,GK,Atlético Madrid,30,3,3,270,3.0,0,0.0,6,6,100.0,3,0,0,3,100.0,0,0,0,0,0.0,3.5,ES1
Ørjan Nyland,NOR,GK,Sevilla,33,30,30,2673,29.7,39,1.31,108,73,66.7,8,10,12,8,26.7,4,3,1,0,25.0,0.9,ES1
Jan Oblak,SVN,GK,Atlético Madrid,31,36,36,3240,36.0,30,0.83,111,86,77.5,20,10,6,15,41.7,5,5,0,0,0.0,20.0,ES1
Jesus Owono,EQG,GK,Alavés,23,6,5,487,5.4,7,1.29,13,7,53.8,1,1,3,0,0.0,1,1,0,0,0.0,0.9,ES1
Alex Padilla,ESP,GK,Athletic Club,20,5,3,321,3.6,6,1.68,17,12,70.6,0,1,2,0,0.0,1,1,0,0,0.0,3.0,ES1
Inaki Pena,ESP,GK,Barcelona,25,16,15,1396,15.5,18,1.16,52,35,69.2,7,3,5,4,26.7,2,2,0,0,0.0,8.0,ES1
Arnau Rafus,ESP,GK,Valladolid,21,1,1,90,1.0,2,2.0,2,0,0.0,0,0,1,0,0.0,0,0,0,0,0.0,0.2,ES1
Alex Remiro,ESP,GK,Real Sociedad,29,36,36,3240,36.0,43,1.19,124,86,69.4,13,7,16,13,36.1,6,5,1,0,16.7,18.0,ES1
Adrian Rodriguez,ESP,GK,Alavés,23,2,1,122,1.4,2,1.48,5,4,80.0,0,1,0,1,100.0,1,1,0,0,0.0,0.2,ES1
Leo Roman,ESP,GK,Mallorca,24,7,7,630,7.0,10,1.43,49,40,81.6,2,1,4,2,28.6,1,1,0,0,0.0,5.0,ES1
Rui Silva,POR,GK,Sporting CP,30,32,32,2880,32.0,31,0.96875,82,58,70.73170731707317,17,10,5,10,31.25,7,7,0,0,0.0,7.0,PO1
Unai Simon,ESP,GK,Athletic Club,27,21,21,1890,21.0,14,0.67,59,47,78.0,10,8,3,10,47.6,2,1,1,0,50.0,28.0,ES1
Antonio Sivera,ESP,GK,Alavés,27,32,32,2810,31.2,39,1.25,106,75,71.7,9,10,13,9,28.1,9,9,0,0,0.0,6.0,ES1
David Soria,ESP,GK,Getafe,31,38,38,3420,38.0,39,1.03,119,89,73.9,11,9,18,9,23.7,9,8,1,0,11.1,3.0,ES1
Juan Soriano,ESP,GK,Leganés,26,6,6,540,6.0,7,1.17,26,19,73.1,1,2,3,1,16.7,0,0,0,0,0.0,1.0,ES1
Wojciech Szczesny,POL,GK,Barcelona,34,15,15,1350,15.0,12,0.8,32,21,65.6,14,1,0,8,53.3,1,1,0,0,0.0,1.0,ES1
Marc-Andre ter Stegen,GER,GK,Barcelona,32,8,8,674,7.5,9,1.2,22,14,63.6,7,0,1,1,12.5,1,1,0,0,0.0,12.0,ES1
Fran Vieites,ESP,GK,Real Betis,25,4,4,360,4.0,5,1.25,12,7,58.3,1,2,1,0,0.0,0,0,0,0,0.0,2.0,ES1
Ivan Villar,ESP,GK,Celta Vigo,27,4,4,360,4.0,9,2.25,18,10,50.0,2,0,2,0,0.0,1,0,1,0,100.0,0.9,ES1
Dimitry Bertaud,COD,GK,Montpellier,26,4,4,360,4.0,11,2.75,19,10,52.6,1,0,3,0,0.0,2,2,0,0,0.0,1.0,FR1
Marco Bizot,NED,GK,Brest,33,32,32,2880,32.0,54,1.69,121,76,62.0,14,5,13,10,31.3,10,8,1,1,11.1,3.0,FR1
Marcin Bulka,POL,GK,Nice,24,34,34,3060,34.0,41,1.21,158,120,75.3,17,9,8,8,23.5,3,2,1,0,33.3,20.0,FR1
Patrik Carlgren,SWE,GK,Nantes,32,5,4,417,4.6,7,1.51,28,21,75.0,1,2,1,1,25.0,0,0,0,0,0.0,0.6,FR1
Lucas Chevalier,FRA,GK,Lille,22,34,34,3060,34.0,36,1.06,127,94,74.8,17,9,8,11,32.4,4,4,0,0,0.0,30.0,FR1
Gregoire Coudert,FRA,GK,Brest,25,2,2,180,2.0,5,2.5,14,9,64.3,1,0,1,0,0.0,0,0,0,0,0.0,0.5,FR1
Theo De Percin,MTQ,GK,Auxerre,23,2,2,180,2.0,3,1.5,6,5,66.7,0,1,1,1,50.0,2,1,1,0,50.0,0.3,FR1
Remy Descamps,FRA,GK,Lyon,28,1,1,90,1.0,2,2.0,6,4,66.7,0,0,1,0,0.0,0,0,0,0,0.0,1.2,FR1
Arthur Desmas,FRA,GK,Le Havre,30,18,18,1620,18.0,38,2.11,91,56,60.4,5,0,13,3,16.7,3,2,1,0,33.3,1.2,FR1
Yehvann Diouf,SEN,GK,Reims,24,34,34,3060,34.0,47,1.38,176,133,75.6,8,9,17,7,20.6,5,4,1,0,20.0,12.0,FR1
Alex Dominguez,ESP,GK,Toulouse,26,1,0,19,0.2,0,0.0,0,0,0.0,0,0,0,1,0.0,0,0,0,0,0.0,0.3,FR1
Gianluigi Donnarumma,ITA,GK,Paris Saint-Germain,25,24,24,2091,23.2,25,1.08,75,50,68.0,18,5,1,4,16.7,1,1,0,0,0.0,40.0,FR1
Yahia Fofana,CIV,GK,Angers,23,33,33,2970,33.0,51,1.55,184,136,73.9,10,6,17,7,21.2,4,3,0,1,0.0,7.0,FR1
Gauthier Gallon,FRA,GK,Rennes,31,1,0,45,0.5,0,0.0,0,0,0.0,0,0,0,0,0.0,0,0,0,0,0.0,0.8,FR1
Mathieu Gorgelin,FRA,GK,Le Havre,33,16,16,1440,16.0,33,2.06,80,50,62.5,5,4,7,1,6.3,3,3,0,0,0.0,0.3,FR1
Kjetil Haug,NOR,GK,Toulouse,26,6,5,498,5.5,7,1.27,16,9,56.3,2,2,1,1,20.0,0,0,0,0,0.0,0.6,FR1
Karl-Johan Johnsson,SWE,GK,Strasbourg,34,3,3,270,3.0,6,2.0,21,16,76.2,1,1,1,0,0.0,1,1,0,0,0.0,0.3,FR1
Herve Koffi,BFA,GK,Lens,27,5,5,450,5.0,8,1.6,24,18,75.0,1,0,4,0,0.0,2,2,0,0,0.0,1.2,FR1
Philipp Kohn,SUI,GK,Monaco,26,19,19,1710,19.0,19,1.0,64,45,71.9,11,5,3,8,42.1,1,1,0,0,0.0,5.0,FR1
Alban Lafont,CIV,GK,Nantes,25,12,12,1080,12.0,19,1.58,48,32,66.7,2,4,6,2,16.7,3,3,0,0,0.0,3.0,FR1
Gautier Larsonneur,FRA,GK,Saint-Étienne,27,34,34,3060,34.0,77,2.26,195,133,67.2,8,6,20,5,14.7,15,13,2,0,13.3,3.0,FR1
Benjamin Lecomte,FRA,GK,Montpellier,33,30,30,2700,30.0,68,2.27,169,108,63.3,3,4,23,1,3.3,7,6,1,0,14.3,1.5,FR1
Donovan Leon,GUF,GK,Auxerre,31,32,32,2880,32.0,48,1.5,163,121,73.6,11,8,13,9,28.1,6,5,1,0,16.7,1.0,FR1
Anthony Lopes,POR,GK,Nantes,33,18,18,1563,17.4,26,1.5,69,47,68.1,5,6,7,3,16.7,5,4,0,1,0.0,1.2,FR1
Radoslaw Majecki,POL,GK,Monaco,24,15,15,1350,15.0,22,1.47,63,43,68.3,7,2,6,3,20.0,2,2,0,0,0.0,6.0,FR1
Steve Mandanda,FRA,GK,Rennes,39,18,17,1486,16.5,24,1.45,50,29,56.0,6,2,9,6,35.3,3,2,1,0,33.3,0.5,FR1
Lucas Perri,BRA,GK,Lyon,26,33,33,2970,33.0,44,1.33,157,116,73.9,17,6,10,10,30.3,3,3,0,0,0.0,10.0,FR1
Djordje Petrovic,SRB,GK,Strasbourg,24,31,31,2790,31.0,38,1.23,140,110,77.9,15,8,8,10,32.3,8,7,1,0,12.5,20.0,FR1
Guillaume Restes,FRA,GK,Toulouse,19,29,29,2543,28.3,36,1.27,92,58,62.0,9,7,13,9,31.0,2,1,1,0,50.0,20.0,FR1
Geronimo Rulli,ARG,GK,Marseille,32,34,34,3060,34.0,47,1.38,130,89,66.2,20,5,9,5,14.7,6,3,3,0,50.0,8.0,FR1
Mathew Ryan,AUS,GK,Lens,32,14,14,1260,14.0,17,1.21,57,43,73.7,8,1,5,6,42.9,3,2,1,0,33.3,2.5,FR1
Matvei Safonov,RUS,GK,Paris Saint-Germain,25,10,9,879,9.8,9,0.92,24,17,70.8,7,1,1,3,33.3,2,2,0,0,0.0,20.0,FR1
Brice Samba,FRA,GK,Lens,30,32,32,2879,32.0,41,1.28,132,98,74.24,13,6,13,12,0.38,7,5,2,0,28.57,12.0,FR1
Arnau Tenas,ESP,GK,Paris Saint-Germain,23,1,1,90,1.0,1,1.0,4,3,75.0,1,0,0,0,0.0,0,0,0,0,0.0,3.0,FR1
Melvin Zinga,FRA,GK,Angers,22,1,1,90,1.0,2,2.0,3,2,66.7,0,0,1,0,0.0,1,1,0,0,0.0,0.3,FR1
Emil Audero,IDN,GK,Como,27,8,8,720,8.0,18,2.25,31,17,54.8,2,2,4,0,0.0,4,4,0,0,0.0,3.2,IT1
Jean Butez,FRA,GK,Como,29,19,18,1666,18.5,20,1.08,67,49,73.1,8,4,6,5,27.8,2,2,0,0,0.0,3.5,IT1
Elia Caprile,ITA,GK,Cagliari,22,22,21,1945,21.6,23,1.06,75,53,70.67,8,4,9,8,0.38,1,1,0,0,0.0,9.0,IT1
Marco Carnesecchi,ITA,GK,Atalanta,24,34,34,3060,34.0,34,1.0,130,98,75.4,19,7,8,13,38.2,2,2,0,0,0.0,25.0,IT1
Leandro Chichizola,ARG,GK,Parma,34,1,1,90,1.0,3,3.0,7,4,57.1,0,0,1,0,0.0,0,0,0,0,0.0,0.25,IT1
Giuseppe Ciocci,ITA,GK,Cagliari,22,1,0,9,0.1,0,0.0,0,0,0.0,0,0,0,0,0.0,0,0,0,0,0.0,0.1,IT1
Michele Di Gregorio,ITA,GK,Juventus,27,33,33,2970,33.0,32,0.97,99,71,72.7,16,13,4,14,42.4,5,5,0,0,0.0,18.0,IT1
Wladimiro Falcone,ITA,GK,Lecce,29,38,38,3420,38.0,58,1.53,177,127,71.8,8,10,20,9,23.7,10,8,1,1,11.1,3.5,IT1
David de Gea,ESP,GK,Fiorentina,33,35,35,3150,35.0,38,1.09,131,96,71.8,19,5,11,11,31.4,3,1,2,0,66.7,5.0,IT1
Pierluigi Gollini,ITA,GK,Genoa,29,7,7,630,7.0,15,2.14,28,17,57.1,1,2,4,1,14.3,4,3,1,0,25.0,1.0,IT1
Jesse Joronen,FIN,GK,Venezia,31,8,7,703,7.8,15,1.92,39,27,69.2,1,1,5,2,28.6,3,3,0,0,0.0,0.5,IT1
Nicola Leali,ITA,GK,Genoa,31,29,29,2610,29.0,31,1.07,112,83,75.0,8,10,11,10,34.5,4,3,1,0,25.0,1.5,IT1
Mike Maignan,FRA,GK,Milan,29,37,37,3294,36.6,41,1.12,137,98,70.8,17,9,11,13,35.1,2,1,1,0,50.0,25.0,IT1
Christos Mandas,GRE,GK,Lazio,22,9,9,810,9.0,7,0.78,27,20,74.1,3,5,1,4,44.4,0,0,0,0,0.0,10.0,IT1
Josep Martinez,ESP,GK,Inter,26,5,5,450,5.0,3,0.6,15,12,80.0,4,1,0,3,60.0,0,0,0,0,0.0,12.0,IT1
Andrea Mazza,ITA,GK,Monza,20,1,0,8,0.1,0,0.0,0,0,0.0,0,0,0,0,0.0,0,0,0,0,0.0,0.075,IT1
Alex Meret,ITA,GK,Napoli,27,34,34,3005,33.4,25,0.75,81,59,70.4,21,9,4,17,50.0,4,1,2,1,66.7,18.0,IT1
Vanja Milinkovic-Savic,SRB,GK,Torino,27,37,37,3330,37.0,42,1.14,166,131,76.5,10,14,13,10,27.0,7,3,4,0,57.1,16.0,IT1
Lorenzo Montipo,ITA,GK,Hellas Verona,28,36,36,3240,36.0,64,1.78,161,100,61.5,9,7,20,8,22.2,4,2,1,1,33.3,2.0,IT1
Maduka Okoye,NGA,GK,Udinese,24,25,25,2250,25.0,40,1.6,109,73,67.0,6,4,15,4,16.0,5,4,0,1,0.0,7.5,IT1
Daniele Padelli,ITA,GK,Udinese,38,1,1,90,1.0,0,0.0,3,3,100.0,1,0,0,1,100.0,0,0,0,0,0.0,0.15,IT1
Alberto Paleari,ITA,GK,Torino,31,1,1,90,1.0,3,3.0,7,4,57.1,0,0,1,0,0.0,0,0,0,0,0.0,0.5,IT1
Rui Patricio,POR,GK,Atalanta,36,3,3,270,3.0,3,1.0,14,11,78.6,2,1,0,1,33.3,0,0,0,0,0.0,0.8,IT1
Simone Perilli,ITA,GK,Hellas Verona,29,2,2,180,2.0,2,1.0,11,9,81.8,1,0,1,0,0.0,0,0,0,0,0.0,0.4,IT1
Mattia Perin,ITA,GK,Juventus,31,5,5,450,5.0,3,0.6,16,13,81.3,2,3,0,3,60.0,0,0,0,0,0.0,2.5,IT1
Semuel Pizzignacco,ITA,GK,Monza,22,9,8,736,8.2,17,2.08,40,23,57.5,1,2,5,1,12.5,0,0,0,0,0.0,0.8,IT1
Ivan Provedel,ITA,GK,Lazio,30,29,29,2610,29.0,42,1.45,91,53,58.2,15,6,8,5,17.2,4,4,0,0,0.0,3.0,IT1
Ionut Radu,ROU,GK,Venezia,27,15,15,1350,15.0,18,1.2,63,47,76.2,2,7,6,4,26.7,3,3,0,0,0.0,2.5,IT1
Federico Ravaglia,ITA,GK,Bologna,24,12,11,1056,11.7,14,1.19,23,10,43.5,5,2,4,4,36.4,1,1,0,0,0.0,1.5,IT1
Pepe Reina,ESP,GK,Como,41,12,12,1034,11.5,14,1.22,41,28,68.3,3,4,5,2,16.7,1,1,0,0,0.0,0.5,IT1
Razvan Sava,ROU,GK,Udinese,22,12,12,1080,12.0,16,1.33,51,38,74.5,5,4,3,4,33.3,3,3,0,0,0.0,2.5,IT1
Simone Scuffet,ITA,GK,Napoli,28,14,14,1260,14.0,24,1.71,55,36,65.45,3,4,7,1,0.07,5,5,0,0,0.0,2.0,IT1
Jacopo Seghetti,ITA,GK,Empoli,19,1,1,90,1.0,3,3.0,6,3,50.0,0,0,1,0,0.0,0,0,0,0,0.0,1.0,IT1
Alen Sherri,ALB,GK,Cagliari,26,7,7,621,6.9,11,1.59,31,20,64.5,1,2,4,1,14.3,0,0,0,0,0.0,1.0,IT1
Benjamin Siegrist,SUI,GK,Genoa,32,2,2,152,1.7,2,1.18,12,10,83.3,1,1,0,0,0.0,0,0,0,0,0.0,0.65,IT1
Marco Silvestri,ITA,GK,Empoli,33,5,5,450,5.0,11,2.2,27,16,59.3,0,1,4,0,0.0,0,0,0,0,0.0,0.5,IT1
Lukasz Skorupski,POL,GK,Bologna,33,27,27,2364,26.3,33,1.26,83,51,61.4,11,12,4,8,29.6,2,1,1,0,50.0,2.5,IT1
Daniele Sommariva,ITA,GK,Genoa,27,1,0,28,0.3,1,3.21,3,2,66.7,0,0,0,0,0.0,0,0,0,0,0.0,0.1,IT1
Yann Sommer,SUI,GK,Inter,35,33,33,2970,33.0,32,0.97,112,84,74.1,20,8,5,13,39.4,4,3,1,0,25.0,4.0,IT1
Marco Sportiello,ITA,GK,Milan,32,2,1,126,1.4,2,1.43,6,4,66.7,1,0,0,1,100.0,0,0,0,0,0.0,1.0,IT1
Filip Stankovic,SRB,GK,Venezia,22,16,16,1367,15.2,23,1.51,79,61,75.9,2,6,8,0,0.0,5,4,1,0,20.0,6.0,IT1
Zion Suzuki,JPN,GK,Parma,21,36,36,3240,36.8,53,1.47,143,95,66.4,7,15,14,7,19.4,5,5,0,0,0.0,20.0,IT1
Mile Svilar,SRB,GK,Roma,24,38,38,3420,38.0,35,0.92,149,118,79.2,20,9,9,16,42.1,4,4,0,0,0.0,25.0,IT1
Pietro Terracciano,ITA,GK,Fiorentina,34,3,3,270,3.0,3,1.0,14,10,78.6,0,3,0,1,33.3,0,0,0,0,0.0,1.0,IT1
Stefano Turati,ITA,GK,Monza,22,30,30,2676,29.7,52,1.75,141,93,64.5,2,7,21,2,6.7,4,2,2,0,50.0,6.5,IT1
Devis Vasquez,COL,GK,Empoli,26,32,32,2880,32.0,45,1.41,125,82,64.8,6,12,14,6,18.8,2,1,1,0,50.0,2.0,IT1
Ben Alexander Voll,GER,GK,St Pauli,23,2,1,91,1.0,2,1.98,6,4,66.7,0,1,0,0,0.0,0,0,0,0,0.0,0.5,L1
Noah Atubolu,GER,GK,Freiburg,22,26,26,2307,25.6,37,1.44,118,82,68.6,12,6,8,10,38.5,2,0,2,0,100.0,18.0,L1
Oliver Baumann,GER,GK,Hoffenheim,34,28,28,2520,28.0,53,1.89,137,88,62.8,6,8,14,4,14.3,5,2,3,0,60.0,3.0,L1
Tiago Cardoso,LUX,GK,Gladbach,18,5,4,380,4.2,3,0.71,23,20,87.0,2,1,1,2,50.0,0,0,0,0,0.0,1.5,L1
Finn Dahmen,GER,GK,Augsburg,26,19,19,1710,19.0,19,1.0,82,65,79.3,7,6,6,9,47.4,2,2,0,0,0.0,9.0,L1
Thomas Dahne,GER,GK,Holstein Kiel,30,9,9,810,9.0,19,2.11,52,36,67.3,2,2,5,0,0.0,3,2,1,0,33.3,0.4,L1
Patrick Drewes,GER,GK,Bochum,31,21,21,1890,21.0,46,2.19,94,53,54.3,3,4,14,3,14.3,5,3,2,0,40.0,0.5,L1
Frank Feller,GER,GK,Heidenheim,20,2,1,121,1.3,0,0.0,2,2,100.0,1,0,0,2,200.0,0,0,0,0,0.0,0.5,L1
Kamil Grabara,POL,GK,Wolfsburg,25,29,29,2585,28.7,49,1.71,137,89,65.7,9,7,13,5,17.2,3,2,1,0,33.3,14.0,L1
Peter Gulacsi,HUN,GK,RB Leipzig,34,30,30,2631,29.2,39,1.33,136,99,72.8,12,11,7,14,46.7,3,2,1,0,33.3,2.0,L1
Timo Horn,GER,GK,Bochum,31,13,13,1170,13.0,22,1.69,55,33,60.0,3,3,7,3,23.1,1,0,0,1,0.0,0.8,L1
Lukas Hradecky,FIN,GK,Leverkusen,34,29,29,2610,29.0,38,1.31,119,85,71.4,16,11,2,6,20.7,4,4,0,0,0.0,2.0,L1
Gregor Kobel,SUI,GK,Dortmund,26,32,32,2880,32.0,47,1.47,128,84,66.4,16,6,10,7,21.9,4,4,0,0,0.0,40.0,L1
Matej Kovar,CZE,GK,Leverkusen,24,5,5,450,5.0,5,1.0,17,12,70.6,3,1,1,3,60.0,0,0,0,0,0.0,5.0,L1
Nediljko Labrovic,CRO,GK,Augsburg,24,15,15,1350,15.0,32,2.13,71,42,59.2,4,4,7,2,13.3,3,3,0,0,0.0,2.5,L1
Alexander Meyer,GER,GK,Dortmund,33,2,2,180,2.0,4,2.0,11,7,63.6,1,0,1,0,0.0,0,0,0,0,0.0,0.8,L1
Florian Muller,GER,GK,Freiburg,26,9,8,753,8.4,16,1.91,29,15,51.7,4,1,3,1,12.5,2,2,0,0,0.0,1.2,L1
Kevin Muller,GER,GK,Heidenheim,33,33,33,2939,32.7,64,1.96,164,106,64.6,7,5,21,8,24.2,6,6,0,0,0.0,0.7,L1
Marius Muller,GER,GK,Wolfsburg,31,6,5,475,5.3,5,0.95,23,18,78.3,2,3,0,1,20.0,0,0,0,0,0.0,1.5,L1
Manuel Neuer,GER,GK,Bayern Munich,38,22,22,1980,22.0,15,0.68,46,30,69.6,18,4,0,13,59.1,2,1,0,1,0.0,4.0,L1
Moritz Nicolas,GER,GK,Gladbach,26,19,19,1639,18.2,25,1.37,88,68,77.3,9,4,6,4,21.1,5,5,0,0,0.0,5.0,L1
Alexander Nubel,GER,GK,Stuttgart,27,34,34,3060,34.0,53,1.56,134,84,61.9,14,8,12,7,20.6,3,2,1,0,33.3,12.0,L1
Jonas Omlin,SUI,GK,Gladbach,30,12,11,978,10.9,29,2.67,72,46,62.5,2,1,8,1,9.1,3,2,1,0,33.3,2.5,L1
Daniel Peretz,ISR,GK,Bayern Munich,24,3,3,270,3.0,5,1.67,7,2,28.6,2,0,1,0,0.0,0,0,0,0,0.0,3.0,L1
Luca Philipp,GER,GK,Hoffenheim,23,6,6,540,6.0,15,2.5,34,20,58.8,1,3,2,0,0.0,1,1,0,0,0.0,0.75,L1
Lasse Riess,GER,GK,Mainz 05,23,2,2,180,2.0,2,1.0,8,6,75.0,1,1,0,0,0.0,0,0,0,0,0.0,0.4,L1
Frederik Ronnow,DEN,GK,Union Berlin,31,28,28,2520,28.0,37,1.32,104,72,65.4,8,10,10,8,28.6,5,1,4,0,80.0,3.0,L1
Kaua Santos,BRA,GK,Eintracht Frankfurt,21,9,8,765,8.5,12,1.41,48,37,77.1,5,1,2,3,37.5,1,1,0,0,0.0,2.5,L1
Alexander Schwolow,GER,GK,Union Berlin,32,6,6,540,6.0,13,2.17,27,15,55.6,2,0,4,0,0.0,1,1,0,0,0.0,0.5,L1
Tobias Sippel,GER,GK,Gladbach,36,1,0,59,0.7,3,4.58,4,1,25.0,0,0,0,0,0.0,0,0,0,0,0.0,0.3,L1
Kevin Trapp,GER,GK,Eintracht Frankfurt,34,26,26,2295,25.5,34,1.33,114,82,70.2,12,8,6,6,23.1,2,0,2,0,100.0,2.5,L1
Sven Ulreich,GER,GK,Bayern Munich,35,1,1,90,1.0,0,0.0,0,0,0.0,1,0,0,1,100.0,0,0,0,0,0.0,0.5,L1
Jonas Urbig,GER,GK,Bayern Munich,20,8,8,720,8.0,12,1.5,28,16,57.1,4,3,1,2,25.0,0,0,0,0,0.0,12.0,L1
Maarten Vandevoordt,BEL,GK,RB Leipzig,22,6,4,429,4.8,9,1.89,21,12,57.1,1,1,2,0,0.0,0,0,0,0,0.0,8.0,L1
Nikola Vasilj,BIH,GK,St Pauli,28,33,33,2969,33.0,39,1.18,127,93,70.1,8,7,18,9,27.3,5,1,4,0,80.0,3.5,L1
Timon Weiner,GER,GK,Holstein Kiel,25,25,25,2250,25.0,61,2.44,141,82,59.6,4,5,16,2,8.0,4,4,0,0,0.0,1.0,L1
Robin Zentner,GER,GK,Mainz 05,29,32,32,2880,32.0,41,1.28,137,101,73.0,13,9,10,9,28.1,5,4,1,0,20.0,4.0,L1
Michael Zetterer,GER,GK,Werder Bremen,29,34,34,3060,34.0,57,1.68,158,103,65.8,14,9,11,10,29.4,3,3,0,0,0.0,4.5,L1
Alisson,BRA,GK,Liverpool,31,28,28,2508,27.9,29,1.04,106,74,73.6,18,7,3,10,35.7,1,1,0,0,0.0,20.0,GB1
Alphonse Areola,FRA,GK,West Ham United,31,26,25,2260,25.1,41,1.63,121,80,66.1,5,7,13,5,20.0,0,0,0,0,0.0,9.0,GB1
Kepa Arrizabalaga,ESP,GK,Bournemouth,29,31,31,2790,31.0,39,1.26,132,97,73.5,13,7,11,8,25.8,4,4,0,0,0.0,10.0,GB1
Brandon Austin,ENG,GK,Tottenham Hotspur,25,1,1,90,1.0,2,2.0,4,2,50.0,0,0,1,0,0.0,0,0,0,0,0.0,0.6,GB1
Daniel Bentley,ENG,GK,Wolves,31,2,2,180,2.0,4,2.0,12,8,66.7,1,0,1,1,50.0,0,0,0,0,0.0,1.5,GB1
Martin Dubravka,SVK,GK,Newcastle United,35,10,10,900,10.0,12,1.2,41,29,70.7,7,0,3,5,50.0,0,0,0,0,0.0,1.0,GB1
Ederson,BRA,GK,Manchester City,30,26,26,2320,25.8,26,1.01,78,54,69.2,16,4,6,10,38.5,2,2,0,0,0.0,20.0,GB1
Lukasz Fabianski,POL,GK,West Ham United,39,14,13,1160,12.9,21,1.63,68,50,73.5,6,3,4,3,23.1,3,3,0,0,0.0,0.5,GB1
Mark Flekken,NED,GK,Brentford,31,37,37,3275,36.4,55,1.51,207,152,73.9,16,8,13,8,21.6,1,1,0,0,0.0,10.0,GB1
Fraser Forster,ENG,GK,Tottenham Hotspur,36,7,7,630,7.0,15,2.14,42,28,69.0,1,2,4,1,14.3,2,2,0,0,0.0,1.0,GB1
Dean Henderson,ENG,GK,Crystal Palace,27,38,38,3420,38.0,51,1.34,152,102,67.1,13,14,11,11,28.9,2,1,1,0,50.0,20.0,GB1
Mads Hermansen,DEN,GK,Leicester City,24,27,27,2385,26.5,58,2.19,156,102,64.7,3,6,18,1,3.7,4,3,1,0,25.0,15.0,GB1
Vitezslav Jaros,CZE,GK,Liverpool,23,1,0,12,0.1,0,0.0,1,1,100.0,0,0,0,1,0.0,0,0,0,0,0.0,4.0,GB1
Sam Johnstone,ENG,GK,Wolves,31,7,7,630,7.0,17,2.43,38,23,60.5,0,1,6,0,0.0,2,2,0,0,0.0,6.0,GB1
Filip Jorgensen,DEN,GK,Chelsea,22,6,6,540,6.0,9,1.5,28,20,71.4,3,0,3,1,16.7,1,1,0,0,0.0,18.0,GB1
Tom King,WAL,GK,Wolves,29,1,0,1,0.0,0,0.0,0,0,0.0,0,0,0,0,0.0,0,0,0,0,0.0,0.2,GB1
Antonin Kinsky,CZE,GK,Tottenham Hotspur,21,6,6,540,6.0,11,1.83,35,24,68.6,1,0,5,1,16.7,0,0,0,0,0.0,15.0,GB1
Bernd Leno,GER,GK,Fulham,32,38,38,3420,38.0,54,1.42,158,107,67.7,15,9,14,5,13.2,4,3,1,0,25.0,10.0,GB1
Joe Lumley,ENG,GK,Southampton,29,3,3,270,3.0,7,2.33,20,13,65.0,0,1,2,0,0.0,0,0,0,0,0.0,0.5,GB1
Alex McCarthy,ENG,GK,Southampton,34,5,5,450,5.0,13,2.6,35,24,68.6,0,0,5,0,0.0,2,2,0,0,0.0,0.35,GB1
Arijanet Muric,KVX,GK,Ipswich Town,25,18,18,1620,18.0,33,1.83,100,70,70.0,2,6,10,1,5.6,3,3,0,0,0.0,5.0,GB1
Neto,BRA,GK,Bournemouth,35,2,2,180,2.0,2,1.0,13,11,84.6,0,2,0,0,0.0,0,0,0,0,0.0,1.5,GB1
Robin Olsen,SWE,GK,Aston Villa,34,4,1,226,2.5,6,2.39,13,8,61.5,1,0,0,1,100.0,1,1,0,0,0.0,1.0,GB1
Andre Onana,CMR,GK,Manchester Utd,28,34,34,3060,34.0,44,1.29,129,88,68.2,10,9,15,9,26.5,4,3,1,0,25.0,25.0,GB1
Stefan Ortega,GER,GK,Manchester City,31,13,12,1100,12.2,18,1.47,49,33,67.3,5,4,3,3,25.0,2,2,0,0,0.0,8.0,GB1
Alex Palmer,ENG,GK,Ipswich Town,27,13,13,1170,13.0,30,2.31,74,45,60.8,1,3,9,0,0.0,1,1,0,0,0.0,1.0,GB1
Jordan Pickford,ENG,GK,Everton,30,38,38,3420,38.0,44,1.16,161,119,72.7,11,15,12,12,31.6,2,0,2,0,100.0,18.0,GB1
Nick Pope,ENG,GK,Newcastle United,32,28,28,2520,28.0,35,1.25,120,87,71.7,13,6,9,8,28.6,2,1,1,0,50.0,8.0,GB1
Aaron Ramsdale,ENG,GK,Southampton,26,30,30,2700,30.0,66,2.2,182,123,66.5,2,5,23,3,10.0,7,5,2,0,28.6,16.0,GB1
David Raya,ESP,GK,Arsenal,28,38,38,3420,38.0,34,0.89,117,86,73.5,20,14,4,13,34.2,3,3,0,0,0.0,40.0,GB1
Jose Sa,POR,GK,Wolves,31,29,29,2609,29.0,48,1.66,110,69,60.9,11,5,13,7,24.1,7,5,2,0,28.6,7.0,GB1
Robert Sanchez,ESP,GK,Chelsea,26,32,32,2880,32.0,34,1.06,123,94,75.6,17,9,6,10,31.3,5,4,1,0,20.0,20.0,GB1
Matz Sels,BEL,GK,Nottingham Forest,32,38,38,3420,38.0,46,1.21,163,119,73.6,19,8,11,13,34.2,3,3,0,0,0.0,7.0,GB1
Jason Steele,ENG,GK,Brighton,33,2,2,180,2.0,1,0.5,4,3,75.0,2,0,0,1,50.0,0,0,0,0,0.0,1.5,GB1
Jakub Stolarczyk,POL,GK,Leicester City,23,10,10,900,10.0,16,1.6,44,28,63.6,3,1,6,2,20.0,0,0,0,0,0.0,1.0,GB1
Mark Travers,IRL,GK,Bournemouth,25,5,5,450,5.0,5,1.0,25,20,80.0,2,2,1,1,20.0,0,0,0,0,0.0,4.0,GB1
Bart Verbruggen,NED,GK,Brighton,21,36,36,3240,36.0,58,1.61,140,89,65.0,14,13,9,7,19.4,9,9,0,0,0.0,30.0,GB1
Guglielmo Vicario,ITA,GK,Tottenham Hotspur,27,24,24,2160,24.0,37,1.54,104,68,65.4,9,3,12,4,16.7,1,1,0,0,0.0,32.0,GB1
Christian Walton,ENG,GK,Ipswich Town,28,7,7,630,7.0,19,2.71,37,20,54.1,1,1,5,1,14.3,2,2,0,0,0.0,1.0,GB1
Danny Ward,WAL,GK,Leicester City,31,2,1,135,1.5,6,4.0,10,4,40.0,0,0,1,0,0.0,0,0,0,0,0.0,1.2,GB1
Plamen Andreev,BUL,GK,Feyenoord,19,1,1,90,1.0,2,2.0,3,2,66.7,0,0,1,0,0.0,1,1,0,0,0.0,1.5,NL1
Nordin Bakker,NED,GK,Almere City,26,34,34,3050,33.9,64,1.89,183,119,65.0,4,10,20,7,20.6,0,0,0,0,0.0,0.7,NL1
Vasilios Barkas,GRE,GK,Utrecht,30,31,31,2790,31.0,44,1.42,140,99,70.7,16,9,6,7,22.6,3,3,0,0,0.0,3.5,NL1
Walter Benitez,ARG,GK,PSV,31,34,34,3015,33.5,39,1.16,102,65,63.7,25,4,5,9,26.5,2,2,0,0,0.0,7.5,NL1
Daniel Bielica,POL,GK,NAC Breda,25,32,32,2880,32.0,52,1.62,158,112,70.9,8,9,15,5,15.6,6,6,0,0,0.0,1.0,NL1
Justin Bijlow,NED,GK,Feyenoord,26,4,4,360,4.0,8,2.0,16,8,50.0,1,1,2,0,0.0,0,0,0,0,0.0,5.0,NL1
Mattijs Branderhorst,NED,GK,Fortuna Sittard,30,28,28,2520,28.0,39,1.39,130,93,71.5,10,7,11,10,35.7,2,2,0,0,0.0,0.8,NL1
Michael Brouwer,NED,GK,Utrecht,31,3,3,270,3.0,1,0.33,9,9,100.0,2,1,0,2,66.7,1,1,0,0,0.0,0.4,NL1
Jari De Busser,BEL,GK,Go Ahead Eagles,24,16,16,1440,16.0,23,1.44,89,67,75.3,7,5,4,5,31.3,1,1,0,0,0.0,2.0,NL1
Mickey van der Hart,NED,GK,Heerenveen,30,19,18,1695,18.8,33,1.75,103,72,70.9,5,6,7,3,16.7,3,3,0,0,0.0,0.5,NL1
Thomas Didillon,FRA,GK,Willem II,28,34,34,3060,34.0,56,1.65,178,128,71.9,6,8,20,5,14.7,6,6,0,0,0.0,0.9,NL1
Joel Drommel,NED,GK,PSV,27,1,0,45,0.5,0,0.0,0,0,0.0,0,0,0,0,0.0,0,0,0,0,0.0,1.5,NL1
Stijn van Gassel,NED,GK,NEC Nijmegen,27,2,2,180,2.0,4,2.0,14,11,78.6,0,0,2,0,0.0,1,1,0,0,0.0,0.45,NL1
Mike Hauptmeijer,NED,GK,Zwolle,27,4,4,360,4.0,6,1.5,16,10,62.5,2,1,1,0,0.0,1,0,0,1,0.0,0.1,NL1
Jeroen Houwen,NED,GK,RKC Waalwijk,28,24,24,2160,24.0,48,2.0,134,88,65.7,4,4,16,4,16.7,2,2,0,0,0.0,0.4,NL1
Hidde Jurjus,NED,GK,Groningen,30,2,2,180,2.0,3,1.5,7,4,57.1,0,0,2,0,0.0,0,0,0,0,0.0,0.3,NL1
Fabian de Keijzer,NED,GK,Heracles Almelo,24,34,34,3060,34.0,63,1.85,186,129,69.4,9,11,14,6,17.6,6,6,0,0,0.0,1.5,NL1
Joey Kesting,NED,GK,RKC Waalwijk,23,3,3,270,3.0,5,1.67,10,8,80.0,0,2,1,0,0.0,3,3,0,0,0.0,0.05,NL1
Luuk Koopmans,NED,GK,Fortuna Sittard,30,6,6,540,6.0,15,2.5,32,19,56.3,1,1,4,0,0.0,2,1,1,0,50.0,0.2,NL1
Roy Kortsmit,NED,GK,NAC Breda,31,1,1,90,1.0,3,3.0,3,1,33.3,0,0,1,0,0.0,1,1,0,0,0.0,0.2,NL1
Kostas Lamprou,GRE,GK,NAC Breda,32,1,1,90,1.0,3,3.0,5,2,40.0,0,0,1,0,0.0,0,0,0,0,0.0,0.2,NL1
Matheus,BRA,GK,Braga,32,26,26,2340,26.0,28,1.0769230769230769,88,62,70.45454545454545,15,6,5,11,42.30769230769231,2,2,0,0,0.0,2.5,PO1
Andries Noppert,NED,GK,Heerenveen,30,16,16,1365,15.2,24,1.58,67,44,65.7,7,1,8,4,25.0,1,1,0,0,0.0,1.0,NL1
Nick Olij,NED,GK,Sparta Rotterdam,28,34,34,3060,34.0,43,1.26,147,109,73.5,9,12,13,6,17.6,5,4,1,0,20.0,3.5,NL1
Yanick van Osch,NED,GK,RKC Waalwijk,27,3,3,270,3.0,9,3.0,24,16,66.7,0,1,2,0,0.0,1,1,0,0,0.0,0.35,NL1
Rome-Jayden Owusu-Oduro,NED,GK,AZ Alkmaar,20,28,28,2520,28.0,34,1.21,85,53,61.2,11,9,8,9,32.1,3,1,1,1,50.0,6.0,NL1
Remko Pasveer,NED,GK,Ajax,40,24,24,2160,24.0,23,0.96,90,67,74.4,17,4,3,11,45.8,0,0,0,0,0.0,0.15,NL1
Luca Plogmann,GER,GK,Go Ahead Eagles,24,18,18,1620,18.0,32,1.78,78,49,62.8,7,4,7,4,22.2,3,3,0,0,0.0,0.5,NL1
Diant Ramaj,GER,GK,Ajax,22,1,1,90,1.0,0,0.0,2,2,100.0,1,0,0,1,100.0,0,0,0,0,0.0,7.0,NL1
Robin Roefs,NED,GK,NEC Nijmegen,21,32,32,2880,32.0,42,1.31,154,113,73.4,12,7,13,10,31.3,1,1,0,0,0.0,4.0,NL1
Jasper Schendelaar,NED,GK,Zwolle,23,30,30,2700,30.0,45,1.5,143,101,70.6,8,10,12,6,20.0,5,3,0,2,0.0,2.5,NL1
Mark Spenkelink,NED,GK,RKC Waalwijk,27,4,4,360,4.0,12,3.0,22,12,54.5,2,0,2,0,0.0,2,2,0,0,0.0,0.1,NL1
Przemyslaw Tyton,POL,GK,Twente,37,3,3,270,3.0,10,3.33,19,9,47.4,1,0,2,0,0.0,0,0,0,0,0.0,0.075,NL1
Lars Unnerstall,GER,GK,Twente,34,31,31,2790,31.0,39,1.26,101,64,63.4,14,9,8,11,35.5,2,2,0,0,0.0,2.0,NL1
Etienne Vaessen,SUR,GK,Groningen,29,32,32,2880,32.0,50,1.56,137,92,67.2,10,9,13,7,21.9,6,5,1,0,16.7,2.0,NL1
Timon Wellenreuther,GER,GK,Feyenoord,28,29,29,2610,29.0,28,0.97,96,70,71.9,19,7,3,10,34.5,2,1,1,0,50.0,6.0,NL1
Jonas Wendlinger,AUT,GK,Almere City,24,1,0,10,0.1,0,0.0,0,0,0.0,0,0,0,0,0.0,0,0,0,0,0.0,0.125,NL1
Jeroen Zoet,NED,GK,AZ Alkmaar,33,6,6,540,6.0,3,0.5,13,10,76.9,5,0,1,3,50.0,0,0,0,0,0.0,0.3,NL1
Andrew,BRA,GK,Gil Vicente FC,23,33,33,2970,33.0,46,1.39,122,81,67.2,8,9,16,7,21.2,7,6,0,1,0.0,4.0,PO1
Brian Araujo,FRA,GK,Gil Vicente FC,24,1,1,90,1.0,1,1.0,3,2,66.7,0,1,0,0,0.0,0,0,0,0,0.0,0.3,PO1
Daniel Azevedo,POR,GK,Casa Pia,26,1,1,90,1.0,2,2.0,4,2,50.0,0,0,1,0,0.0,0,0,0,0,0.0,0.1,PO1
Gabriel Batista,BRA,GK,Santa Clara,26,34,34,3060,34.0,32,0.94,108,81,74.1,17,6,11,11,32.4,6,4,1,1,20.0,4.0,PO1
Ricardo Batista,POR,GK,Casa Pia,37,1,1,90,1.0,1,1.0,1,1,100.0,0,0,1,0,0.0,1,1,0,0,0.0,0.1,PO1
Simao Bertelli,BRA,GK,AVS Futebol,31,11,11,990,11.0,15,1.36,54,42,75.9,1,6,4,2,18.2,3,2,1,0,33.3,0.3,PO1
Bruno Brigido,BRA,GK,Estrela,33,18,18,1575,17.5,30,1.71,84,56,66.7,4,4,10,2,11.1,2,2,0,0,0.0,0.2,PO1
Lazar Carevic,MNE,GK,Famalicão,25,18,18,1620,18.0,21,1.17,70,53,74.3,7,4,7,7,38.9,4,3,1,0,25.0,1.5,PO1
Cesar,BRA,GK,Boavista,32,16,16,1440,16.0,30,1.87,78,51,65.4,1,4,11,2,12.5,3,3,0,0,0.0,0.3,PO1
Kevin Chamorro,CRC,GK,Estoril,24,4,4,360,4.0,3,0.75,11,9,81.8,2,1,1,2,50.0,1,1,0,0,0.0,0.3,PO1
Diogo Costa,POR,GK,Porto,24,32,32,2880,32.0,27,0.84,78,58,71.8,21,5,6,16,50.0,7,5,2,0,28.6,40.0,PO1
Joao Paulo Santos Costa,POR,GK,Estrela,28,14,14,1260,14.0,17,1.21,51,38,72.5,3,3,8,4,28.6,4,3,1,0,25.0,0.8,PO1
Rui Encarnacao,POR,GK,Nacional,26,2,1,135,1.5,4,2.67,5,3,60.0,0,0,1,0,0.0,2,2,0,0,0.0,0.2,PO1
Daniel Figueira,POR,GK,Estoril,26,1,1,90,1.0,4,4.0,6,3,50.0,0,0,1,0,0.0,1,1,0,0,0.0,0.75,PO1
Lucas Franca,BRA,GK,Nacional,28,33,33,2925,32.5,46,1.42,143,104,72.7,9,7,17,8,24.2,9,7,0,2,0.0,1.0,PO1
Joao Goncalves,POR,GK,Boavista,23,4,4,360,4.0,2,0.5,8,6,75.0,1,1,2,2,50.0,0,0,0,0,0.0,0.7,PO1
Marko Gudzulic,SRB,GK,Estrela,22,2,2,180,2.0,3,1.5,8,6,62.5,0,1,1,1,50.0,1,0,1,0,100.0,0.2,PO1
Lukas Hornicek,CZE,GK,Braga,22,17,17,1530,17.0,11,0.65,58,47,82.8,10,5,2,8,47.1,1,1,0,0,0.0,6.0,PO1
Franco Israel,URU,GK,Sporting CP,24,11,11,990,11.0,9,0.82,25,15,64.0,9,2,0,7,63.6,0,0,0,0,0.0,5.0,PO1
Jhonatan,BRA,GK,Rio Ave,33,8,8,720,8.0,13,1.62,43,30,69.8,2,2,4,2,25.0,0,0,0,0,0.0,0.3,PO1
Kaique,BRA,GK,Farense,21,6,6,540,6.0,6,1.0,20,15,70.0,3,0,3,1,16.7,1,0,1,0,100.0,0.6,PO1
Kewin,BRA,GK,Moreirense,28,29,29,2610,29.0,42,1.45,112,72,65.2,9,7,13,6,20.7,3,3,0,0,0.0,1.0,PO1
Vladan Kovacevic,BIH,GK,Sporting CP,26,6,6,540,6.0,5,0.83,16,11,68.8,4,0,2,2,33.3,0,0,0,0,0.0,3.0,PO1
Nico Mantl,GER,GK,Arouca,24,29,29,2610,29.0,43,1.48,117,82,70.1,8,8,13,7,24.1,8,8,0,0,0.0,1.5,PO1
Francisco Meixedo,POR,GK,Estrela,23,1,0,45,0.5,0,0.0,3,3,100.0,0,0,0,1,0.0,0,0,0,0,0.0,0.2,PO1
Mika,POR,GK,Moreirense,33,1,0,3,0.0,0,0.0,0,0,0.0,0,0,0,1,0.0,0,0,0,0,0.0,0.1,PO1
Cezary Miszta,POL,GK,Rio Ave,22,26,26,2325,25.8,42,1.63,129,90,69.8,7,9,10,3,11.5,3,3,0,0,0.0,3.0,PO1
Guillermo Ochoa,MEX,GK,AVS Futebol,39,23,23,2070,23.0,45,1.96,118,74,62.7,4,6,13,6,26.1,1,1,0,0,0.0,0.5,PO1
Claudio Ramos,POR,GK,Porto,32,2,2,180,2.0,3,1.5,7,5,71.4,1,0,1,0,0.0,1,1,0,0,0.0,1.2,PO1
Joel Robles,ESP,GK,Estoril,34,29,29,2610,29.0,46,1.59,122,82,66.4,10,9,10,5,17.2,6,5,1,0,16.7,0.5,PO1
Caio Secco,BRA,GK,Moreirense,33,5,5,447,5.0,8,1.61,21,15,71.4,1,3,1,1,20.0,2,2,0,0,0.0,0.2,PO1
Patrick Sequeira,CRC,GK,Casa Pia,25,32,32,2880,32.0,41,1.28,152,117,77.0,12,9,11,7,21.9,7,6,0,1,0.0,4.0,PO1
Samuel Soares,POR,GK,Benfica,22,2,2,180,2.0,0,0.0,3,4,100.0,2,0,0,2,100.0,1,0,1,0,100.0,4.0,PO1
Matheus Teixeira,BRA,GK,Rio Ave,25,1,0,15,0.2,0,0.0,0,0,0.0,0,0,0,0,0.0,0,0,0,0,0.0,0.4,PO1
Tome,POR,GK,Boavista,17,2,2,180,2.0,5,2.5,11,6,54.5,0,1,1,0,0.0,0,0,0,0,0.0,0.2,PO1
Anatolii Trubin,UKR,GK,Benfica,22,32,32,2880,32.0,28,0.87,97,72,73.2,23,5,4,13,40.6,3,2,1,0,33.3,28.0,PO1
Joao Valido,POR,GK,Arouca,24,5,5,450,5.0,6,1.2,19,14,73.7,1,3,1,1,20.0,1,1,0,0,0.0,0.3,PO1
Bruno Varela,CPV,GK,Vitoria Guimarães,29,34,34,3060,34.0,37,1.09,98,63,67.3,14,12,8,13,38.2,7,5,0,2,0.0,2.5,PO1
Ricardo Velho,POR,GK,Farense,25,28,28,2520,28.0,40,1.43,123,89,72.4,3,9,16,6,21.4,7,6,0,1,0.0,4.0,PO1
Ivan Zlobin,RUS,GK,Famalicão,27,15,15,1350,15.0,18,1.2,62,45,72.6,4,7,4,5,33.3,1,1,0,0,0.0,1.5,PO1
