Player,Nation,Pos,Squad,Age,MP,Starts,Min,90s,Gls,Ast,G+A,G-PK,PK,PKatt,CrdY,CrdR,Gls.1,Ast.1,G+A.1,G-PK.1,G+A-PK,Value,2CrdY,Fls,Fld,Off,Crs,Int,TklW,OG,Sh,SoT,SoT%,Sh/90,SoT/90,G/Sh,G/SoT
Dzhamalutdin Abdulkadyrov,RUS,DF,CSKA Moscow,19,3,2,209,2.3,0,0,0,0,0,0,0,0,0.0,0.0,0.0,0.0,0.0,0.8,0,2,0,0,0,1,2,0,3,0,0.0,1.29,0.0,0.0,0.0
Saminu Abdullahi,NGA,MF,FC Khimki,23,7,4,356,4.0,0,0,0,0,0,0,1,0,0.0,0.0,0.0,0.0,0.0,0.3,0,7,3,0,4,7,2,0,3,1,33.3,0.76,0.25,0.0,0.0
Myenty Abena,SUR,DF,Spartak Moscow,29,7,4,383,4.3,0,0,0,0,0,0,1,0,0.0,0.0,0.0,0.0,0.0,0.7,0,8,6,0,0,2,6,0,0,0,0.0,0.0,0.0,0.0,0.0
Arsen Adamov,RUS,DF,Akhmat Grozny,24,30,29,2563,28.5,1,1,2,1,0,0,0,0,0.04,0.04,0.07,0.04,0.07,2.0,0,11,48,1,40,46,47,0,25,5,20.0,0.88,0.18,0.04,0.2
Denis Adamov,RUS,GK,Zenit,26,4,3,327,3.6,0,0,0,0,0,0,0,0,0.0,0.0,0.0,0.0,0.0,1.0,0,0,0,0,0,0,0,0,0,0,0.0,0.0,0.0,0.0,0.0
Gamid Agalarov,RUS,FW,D'mo Makhachkala,24,28,26,2039,22.6,7,4,11,5,2,3,3,0,0.31,0.18,0.49,0.22,0.4,1.2,0,39,35,15,11,4,3,0,40,18,45.0,1.77,0.8,0.18,0.39
Ilya Agapov,RUS,"DF,MF",Nizhny Novgorod,23,6,6,428,4.8,0,1,1,0,0,0,2,0,0.0,0.21,0.21,0.0,0.21,1.0,0,4,2,0,5,6,4,0,1,0,0.0,0.21,0.0,0.0,0.0
Stanislav Agkatsev,RUS,GK,Krasnodar,22,30,30,2700,30.0,0,0,0,0,0,0,2,0,0.0,0.0,0.0,0.0,0.0,7.5,0,0,5,0,0,0,0,0,0,0,0.0,0.0,0.0,0.0,0.0
Ilzat Akhmetov,RUS,MF,Zenit,26,5,0,55,0.6,0,0,0,0,0,0,0,0,0.0,0.0,0.0,0.0,0.0,1.5,0,1,0,0,1,0,0,0,3,0,0.0,4.91,0.0,0.0,0.0
Igor Akinfeev,RUS,GK,CSKA Moscow,38,28,28,2520,28.0,0,1,1,0,0,0,0,0,0.0,0.04,0.04,0.0,0.04,1.0,0,0,2,0,0,0,0,0,0,0,0.0,0.0,0.0,0.0,0.0
Dmitrii Aleksandrov,RUS,MF,Dynamo Mosc,18,6,1,109,1.2,0,0,0,0,0,0,1,0,0.0,0.0,0.0,0.0,0.0,0.35,0,4,2,0,1,2,1,0,2,0,0.0,1.65,0.0,0.0,0.0
Viktor Aleksandrov,RUS,DF,Nizhny Novgorod,22,21,17,1569,17.4,0,0,0,0,0,0,3,0,0.0,0.0,0.0,0.0,0.0,1.2,0,23,8,0,1,16,26,0,4,0,0.0,0.23,0.0,0.0,0.0
Alerrandro,BRA,FW,CSKA Moscow,24,6,2,157,1.7,0,0,0,0,0,0,0,0,0.0,0.0,0.0,0.0,0.0,3.5,0,3,7,1,1,1,0,0,1,0,0.0,0.57,0.0,0.0,0.0
Mutalip Alibekov,RUS,DF,D'mo Makhachkala,27,15,12,1042,11.6,0,0,0,0,0,0,5,3,0.0,0.0,0.0,0.0,0.0,0.7,1,17,12,0,2,13,20,0,7,3,42.9,0.6,0.26,0.0,0.0
Nuraly Alip,KAZ,DF,Zenit,24,19,7,980,10.9,1,1,2,1,0,0,1,0,0.09,0.09,0.18,0.09,0.18,3.0,0,3,5,0,5,12,12,0,10,3,30.0,0.92,0.28,0.1,0.33
Ilnur Alshin,RUS,"MF,DF",Fakel Voronezh,30,27,24,1928,21.4,2,1,3,2,0,0,4,0,0.09,0.05,0.14,0.09,0.14,0.5,0,37,18,1,114,24,28,0,23,5,21.7,1.07,0.23,0.09,0.4
Boni Amian,CIV,MF,FC Khimki,21,5,0,78,0.9,0,0,0,0,0,0,1,0,0.0,0.0,0.0,0.0,0.0,0.15,0,2,1,0,0,0,7,0,0,0,0.0,0.0,0.0,0.0,0.0
Victorien Angban,CIV,MF,D'mo Makhachkala,27,5,2,200,2.2,0,0,0,0,0,0,1,0,0.0,0.0,0.0,0.0,0.0,0.4,0,7,2,0,0,1,1,0,1,0,0.0,0.45,0.0,0.0,0.0
Nemanja Andjelkovic,SRB,DF,FC Khimki,27,7,5,458,5.1,0,0,0,0,0,0,3,0,0.0,0.0,0.0,0.0,0.0,0.75,0,5,8,0,0,6,0,0,2,1,50.0,0.39,0.2,0.0,0.0
Khyzyr Appayev,RUS,FW,Fakel Voronezh,34,7,1,281,3.1,0,0,0,0,0,0,1,0,0.0,0.0,0.0,0.0,0.0,0.125,0,4,5,4,4,2,0,0,5,1,20.0,1.6,0.32,0.0,0.0
Marat Apshatsev,RUS,MF,Rubin Kazan,23,7,1,100,1.1,0,0,0,0,0,0,0,0,0.0,0.0,0.0,0.0,0.0,0.3,0,4,0,0,0,0,2,0,2,1,50.0,1.8,0.9,0.0,0.0
Arthur,BRA,"MF,FW",Dynamo Mosc,26,16,13,950,10.6,3,2,5,2,1,1,2,0,0.28,0.19,0.47,0.19,0.38,3.5,0,16,19,4,21,4,7,0,18,9,50.0,1.71,0.85,0.11,0.22
Artur,BRA,MF,Zenit,26,11,1,254,2.8,1,2,3,1,0,0,1,0,0.35,0.71,1.06,0.35,1.06,8.0,0,2,10,1,14,2,4,0,8,6,75.0,2.83,2.13,0.13,0.17
Rustam Ashurmatov,UZB,DF,Rubin Kazan,28,14,7,678,7.5,0,0,0,0,0,0,2,0,0.0,0.0,0.0,0.0,0.0,0.6,0,8,4,1,2,16,9,0,4,0,0.0,0.53,0.0,0.0,0.0
Eyad El Askalani,EGY,DF,Rostov,19,2,0,35,0.4,0,0,0,0,0,0,1,0,0.0,0.0,0.0,0.0,0.0,0.5,0,2,0,0,2,0,3,0,0,0,0.0,0.0,0.0,0.0,0.0
Rustam Âtimov,TJK,GK,Rostov,26,20,20,1771,19.7,0,0,0,0,0,0,0,0,0.0,0.0,0.0,0.0,0.0,1.5,0,0,5,0,0,1,1,0,0,0,0.0,0.0,0.0,0.0,0.0
Imran Aznaurov,RUS,FW,Rostov,19,6,5,372,4.1,0,0,0,0,0,0,0,0,0.0,0.0,0.0,0.0,0.0,0.25,0,4,2,0,7,0,3,0,6,3,50.0,1.45,0.73,0.0,0.0
Mohammed Azzi,ALG,"MF,DF",D'mo Makhachkala,22,10,9,810,9.0,1,1,2,1,0,0,1,0,0.11,0.11,0.22,0.11,0.22,0.8,0,20,13,3,39,17,26,0,10,4,40.0,1.11,0.44,0.1,0.25
Ulvi Babaev,RUS,MF,Samara,20,13,1,156,1.7,0,0,0,0,0,0,0,0,0.0,0.0,0.0,0.0,0.0,0.25,0,7,1,1,5,1,4,0,7,2,28.6,4.04,1.15,0.0,0.0
Srdjan Babic,SRB,DF,Spartak Moscow,28,26,26,2336,26.0,2,1,3,2,0,0,10,1,0.08,0.04,0.12,0.08,0.12,6.0,1,37,20,0,0,25,27,0,17,4,23.5,0.65,0.15,0.12,0.5
Sergey Babkin,RUS,MF,Samara,21,29,28,2061,22.9,0,1,1,0,0,0,3,0,0.0,0.04,0.04,0.0,0.04,1.8,0,19,26,0,8,46,24,0,16,7,43.8,0.7,0.31,0.0,0.0
Abdulla Bagamaev,RUS,FW,Fakel Voronezh,19,3,0,68,0.8,0,0,0,0,0,0,1,0,0.0,0.0,0.0,0.0,0.0,0.225,0,2,0,0,0,1,1,0,0,0,0.0,0.0,0.0,0.0,0.0
Soltmurad Bakaev,RUS,"FW,MF",FK Akron Tolyatti,24,25,18,1354,15.0,3,3,6,3,0,0,5,1,0.2,0.2,0.4,0.2,0.4,0.7,1,25,16,10,58,17,7,0,35,10,28.6,2.33,0.66,0.09,0.3
Zelimkhan Bakayev,RUS,"MF,FW",FC Khimki,28,25,22,1633,18.1,4,0,4,4,0,0,6,0,0.22,0.0,0.22,0.22,0.22,2.0,0,30,30,4,58,6,14,0,28,12,42.9,1.54,0.66,0.14,0.33
Fabian Balbuena,PAR,DF,Dynamo Mosc,32,18,17,1528,17.0,2,1,3,2,0,0,2,0,0.12,0.06,0.18,0.12,0.18,2.0,0,5,5,2,8,27,24,0,11,4,36.4,0.65,0.24,0.18,0.5
Artem Bandikian,ARM,DF,CSKA Moscow,18,3,0,7,0.1,0,0,0,0,0,0,0,0,0.0,0.0,0.0,0.0,0.0,0.1,0,1,1,0,0,1,0,0,0,0,0.0,0.0,0.0,0.0,0.0
Aleksei Baranovskii,RUS,MF,Orenburg,19,13,0,185,2.1,0,0,0,0,0,0,0,0,0.0,0.0,0.0,0.0,0.0,0.25,0,7,0,0,3,1,0,0,8,1,12.5,3.89,0.49,0.0,0.0
Esequiel Barco,ARG,MF,Spartak Moscow,25,27,27,2368,26.3,12,7,19,5,7,8,5,0,0.46,0.27,0.72,0.19,0.46,14.0,0,10,76,0,114,16,17,0,79,29,36.7,3.0,1.1,0.06,0.17
Vyacheslav Bardybakhin,RUS,DF,FK Akron Tolyatti,22,8,2,161,1.8,0,0,0,0,0,0,2,0,0.0,0.0,0.0,0.0,0.0,0.5,0,6,0,0,4,4,5,0,1,1,100.0,0.56,0.56,0.0,0.0
Dmitri Barinov,RUS,MF,Loko Moscow,27,26,26,2288,25.4,0,3,3,0,0,0,8,0,0.0,0.12,0.12,0.0,0.12,8.0,0,36,23,0,18,35,23,0,32,9,28.1,1.26,0.35,0.0,0.0
Wi­lmar Barrios,COL,MF,Zenit,30,28,28,2446,27.2,0,0,0,0,0,0,5,0,0.0,0.0,0.0,0.0,0.0,8.0,0,34,44,0,11,38,47,0,4,1,25.0,0.15,0.04,0.0,0.0
Ivan Basic,BIH,MF,Orenburg,22,27,24,2153,23.9,1,1,2,1,0,0,9,0,0.04,0.04,0.08,0.04,0.08,1.2,0,35,34,2,119,12,16,0,40,8,20.0,1.67,0.33,0.03,0.13
Aleksei Batrakov,RUS,"MF,FW",Loko Moscow,19,29,29,2533,28.1,14,7,21,10,4,4,6,0,0.5,0.25,0.75,0.36,0.6,12.0,0,35,54,3,175,18,21,0,45,28,62.2,1.6,0.99,0.22,0.36
Batxi,ANG,MF,Krasnodar,26,30,28,2210,24.6,5,7,12,5,0,0,3,0,0.2,0.29,0.49,0.2,0.49,5.0,0,8,32,5,65,8,12,0,32,13,40.6,1.3,0.53,0.16,0.38
Khoren Bayramyan,ARM,"MF,FW",Rostov,32,25,6,719,8.0,0,0,0,0,0,0,3,0,0.0,0.0,0.0,0.0,0.0,0.6,0,6,8,0,24,5,11,0,6,1,16.7,0.75,0.13,0.0,0.0
Aleksandr Belenov,RUS,GK,Fakel Voronezh,37,12,12,1080,12.0,0,0,0,0,0,0,1,0,0.0,0.0,0.0,0.0,0.0,0.1,0,0,1,0,1,0,0,0,0,0,0.0,0.0,0.0,0.0,0.0
Gilson Benchimol,CPV,"FW,MF",FK Akron Tolyatti,22,19,11,1033,11.5,3,3,6,3,0,0,3,1,0.26,0.26,0.52,0.26,0.52,0.7,1,20,18,6,19,0,10,0,42,10,23.8,3.66,0.87,0.07,0.3
Bernard Berisha,KVX,"FW,MF",Akhmat Grozny,32,13,3,443,4.9,0,1,1,0,0,0,1,0,0.0,0.2,0.2,0.0,0.2,0.6,0,12,14,4,13,1,7,0,7,1,14.3,1.42,0.2,0.0,0.0
Iliya Berkovskiy,RUS,"MF,DF",FC Khimki,24,19,10,829,9.2,0,0,0,0,0,0,0,0,0.0,0.0,0.0,0.0,0.0,0.4,0,16,8,3,12,12,16,0,14,2,14.3,1.52,0.22,0.0,0.0
Stanislav Bessmertnyi,RUS,DF,Dynamo Mosc,20,2,2,113,1.3,0,0,0,0,0,0,1,0,0.0,0.0,0.0,0.0,0.0,0.5,0,1,2,0,4,1,1,0,1,0,0.0,0.8,0.0,0.0,0.0
Ruslan Bezrukov,RUS,"DF,MF",Rubin Kazan,22,24,11,1157,12.9,3,3,6,3,0,0,3,0,0.23,0.23,0.47,0.23,0.47,1.0,0,17,16,2,13,15,21,0,17,7,41.2,1.32,0.54,0.18,0.43
Glenn Bijl,NED,DF,Samara,29,21,19,1456,16.2,1,0,1,1,0,0,5,1,0.06,0.0,0.06,0.06,0.06,1.5,0,25,13,2,65,12,26,1,14,6,42.9,0.87,0.37,0.07,0.17
Kristijan Bistrovic,CRO,MF,CSKA Moscow,26,20,11,967,10.7,1,0,1,1,0,0,0,0,0.09,0.0,0.09,0.09,0.09,2.0,0,11,13,0,10,6,3,0,17,3,17.6,1.58,0.28,0.06,0.33
Bitelo,BRA,MF,Dynamo Mosc,24,26,23,2080,23.1,3,11,14,3,0,0,2,0,0.13,0.48,0.61,0.13,0.61,12.0,0,22,53,2,131,17,21,0,54,21,38.9,2.34,0.91,0.06,0.14
Ivan Bober,RUS,MF,Samara,18,1,0,1,0.0,0,0,0,0,0,0,0,0,0.0,0.0,0.0,0.0,0.0,0.15,0,0,0,0,0,0,0,0,0,0,0.0,0.0,0.0,0.0,0.0
Miroslav Bogosavac,SRB,"DF,MF",Akhmat Grozny,27,10,9,757,8.4,0,0,0,0,0,0,0,0,0.0,0.0,0.0,0.0,0.0,1.0,0,4,17,1,21,10,13,0,2,1,50.0,0.24,0.12,0.0,0.0
Marat Bokoev,RUS,DF,FK Akron Tolyatti,23,17,10,991,11.0,1,0,1,1,0,0,4,0,0.09,0.0,0.09,0.09,0.09,0.6,0,16,6,0,3,14,21,0,9,2,22.2,0.82,0.18,0.11,0.5
Denis Bokov,RUS,FW,Dynamo Mosc,18,2,0,8,0.1,0,0,0,0,0,0,0,0,0.0,0.0,0.0,0.0,0.0,0.25,0,1,0,0,0,0,0,0,0,0,0.0,0.0,0.0,0.0,0.0
Maksim Boldyrev,RUS,MF,FK Akron Tolyatti,20,1,0,45,0.5,0,0,0,0,0,0,0,0,0.0,0.0,0.0,0.0,0.0,0.15,0,0,0,0,3,0,1,0,0,0,0.0,0.0,0.0,0.0,0.0
Theo Bongonda,COD,"MF,FW",Spartak Moscow,28,27,25,1834,20.4,7,1,8,7,0,1,1,0,0.34,0.05,0.39,0.34,0.39,6.0,0,15,34,7,66,8,19,0,49,24,49.0,2.4,1.18,0.14,0.29
Kirill Bozhenov,RUS,"DF,MF",Nizhny Novgorod,23,14,11,786,8.7,0,0,0,0,0,0,2,0,0.0,0.0,0.0,0.0,0.0,0.35,0,17,17,0,14,11,6,0,2,0,0.0,0.23,0.0,0.0,0.0
Sergei Bozhin,RUS,DF,Fakel Voronezh,29,23,21,1852,20.6,0,0,0,0,0,0,6,0,0.0,0.0,0.0,0.0,0.0,0.7,0,16,21,1,13,35,23,1,14,3,21.4,0.68,0.15,0.0,0.0
Mohamed Brahimi,FRA,"MF,DF",Fakel Voronezh,25,29,23,1871,20.8,1,0,1,1,0,0,7,0,0.05,0.0,0.05,0.05,0.05,0.9,0,41,57,5,64,27,52,0,13,3,23.1,0.63,0.14,0.08,0.33
Sergei Bryzgalov,RUS,DF,Fakel Voronezh,31,5,1,164,1.8,0,0,0,0,0,0,3,1,0.0,0.0,0.0,0.0,0.0,0.15,1,2,1,0,0,2,5,0,0,0,0.0,0.0,0.0,0.0,0.0
Juan Caceres,PAR,DF,Dynamo Mosc,24,10,10,900,10.0,0,2,2,0,0,0,1,0,0.0,0.2,0.2,0.0,0.2,3.5,0,14,10,0,30,19,25,0,4,0,0.0,0.4,0.0,0.0,0.0
Egas Cacintura,ANG,"FW,MF",D'mo Makhachkala,26,26,24,2119,23.5,4,3,7,4,0,0,5,1,0.17,0.13,0.3,0.17,0.3,1.0,0,36,65,6,83,9,24,0,36,14,38.9,1.53,0.59,0.11,0.29
Camilo,BRA,MF,Akhmat Grozny,25,16,15,1359,15.1,0,0,0,0,0,0,6,0,0.0,0.0,0.0,0.0,0.0,1.2,0,22,14,0,5,38,41,0,7,0,0.0,0.46,0.0,0.0,0.0
Felippe Cardoso,BRA,FW,Akhmat Grozny,25,12,8,608,6.8,2,0,2,2,0,0,3,0,0.3,0.0,0.3,0.3,0.3,0.75,0,5,16,5,0,2,0,0,21,7,33.3,3.11,1.04,0.1,0.29
Roberto Carlos Fernandez,BOL,DF,FK Akron Tolyatti,25,19,18,1624,18.0,0,2,2,0,0,0,4,0,0.0,0.11,0.11,0.0,0.11,1.2,0,22,19,1,68,29,33,0,1,0,0.0,0.06,0.0,0.0,0.0
Jorge Carrascal,COL,"MF,FW",Dynamo Mosc,26,26,21,1725,19.2,7,3,10,4,3,3,3,1,0.37,0.16,0.52,0.21,0.37,7.0,0,33,55,10,49,7,27,0,43,18,41.9,2.24,0.94,0.09,0.22
Mateo Cassierra,COL,"FW,MF",Zenit,27,30,20,1831,20.3,8,4,12,7,1,1,0,0,0.39,0.2,0.59,0.34,0.54,10.0,0,22,14,8,0,3,13,0,51,19,37.3,2.51,0.93,0.14,0.37
Kevin Castano,COL,MF,Krasnodar,23,16,5,578,6.4,1,3,4,1,0,0,1,0,0.16,0.47,0.62,0.16,0.62,8.0,0,9,1,0,8,0,9,0,11,2,18.2,1.71,0.31,0.09,0.5
Juan Castillo,COL,"DF,MF",Nizhny Novgorod,21,11,3,349,3.9,0,0,0,0,0,0,1,0,0.0,0.0,0.0,0.0,0.0,0.5,0,5,1,0,15,3,2,0,6,3,50.0,1.55,0.77,0.0,0.0
Thabo Cele,RSA,"MF,FW",Fakel Voronezh,27,9,6,496,5.5,0,0,0,0,0,0,0,0,0.0,0.0,0.0,0.0,0.0,0.35,0,7,5,0,15,10,9,0,2,0,0.0,0.36,0.0,0.0,0.0
Ronaldo Cesar,BRA,"FW,MF",Rostov,23,29,27,2355,26.2,4,3,7,4,0,1,4,0,0.15,0.11,0.27,0.15,0.27,4.0,0,34,32,9,11,4,21,0,65,22,33.8,2.48,0.84,0.06,0.18
Fyodor Chalov,RUS,FW,CSKA Moscow,26,2,1,90,1.0,0,0,0,0,0,0,0,0,0.0,0.0,0.0,0.0,0.0,7.5,0,1,0,1,0,0,0,0,1,0,0.0,1.0,0.0,0.0,0.0
Luis Chavez,MEX,MF,Dynamo Mosc,28,19,17,1395,15.5,3,4,7,2,1,1,3,0,0.19,0.26,0.45,0.13,0.39,8.0,0,19,15,1,45,11,10,0,25,8,32.0,1.61,0.52,0.08,0.25
Aleksandr Chernikov,RUS,MF,Krasnodar,24,27,23,1853,20.6,2,1,3,2,0,0,9,0,0.1,0.05,0.15,0.1,0.15,8.0,0,42,21,0,4,27,32,0,31,7,22.6,1.51,0.34,0.06,0.29
Nikita Chernov,RUS,DF,Spartak Moscow,28,8,4,428,4.8,0,0,0,0,0,0,1,0,0.0,0.0,0.0,0.0,0.0,1.5,0,11,1,0,0,5,3,0,3,1,33.3,0.63,0.21,0.0,0.0
Yevgeni Chernov,RUS,DF,Rostov,31,5,2,203,2.3,0,0,0,0,0,0,1,0,0.0,0.0,0.0,0.0,0.0,0.4,0,3,1,0,23,5,1,0,1,0,0.0,0.44,0.0,0.0,0.0
Vasili Cherov,RUS,DF,Fakel Voronezh,28,1,1,71,0.8,0,0,0,0,0,0,0,0,0.0,0.0,0.0,0.0,0.0,0.45,0,1,0,0,2,1,1,0,0,0,0.0,0.0,0.0,0.0,0.0
Artem Chistiakov,RUS,DF,Nizhny Novgorod,17,1,0,6,0.1,0,0,0,0,0,0,0,0,0.0,0.0,0.0,0.0,0.0,0.0,0,0,0,0,1,0,0,0,0,0,0.0,0.0,0.0,0.0,0.0
Claudinho,BRA,MF,Zenit,27,16,15,1195,13.3,0,5,5,0,0,0,3,0,0.0,0.38,0.38,0.0,0.38,15.0,0,14,27,1,37,16,13,0,28,10,35.7,2.11,0.75,0.0,0.0
Jhon Cordoba,COL,FW,Krasnodar,31,25,25,2207,24.5,12,4,16,12,0,0,9,1,0.49,0.16,0.65,0.49,0.65,12.0,1,65,90,32,9,1,4,0,82,36,43.9,3.34,1.47,0.15,0.33
Alex Corredera,ESP,MF,FC Khimki,28,22,14,1303,14.5,0,1,1,0,0,0,1,0,0.0,0.07,0.07,0.0,0.07,0.8,0,9,18,0,39,7,19,0,14,4,28.6,0.97,0.28,0.0,0.0
Fernando Costanza,BRA,MF,Samara,25,21,19,1688,18.8,1,3,4,1,0,0,7,2,0.05,0.16,0.21,0.05,0.21,3.0,1,37,27,1,16,28,35,0,22,6,27.3,1.17,0.32,0.05,0.17
Justin Cuero,ECU,FW,Orenburg,20,7,0,96,1.1,0,0,0,0,0,0,1,0,0.0,0.0,0.0,0.0,0.0,0.25,0,3,1,0,0,0,1,0,6,1,16.7,5.63,0.94,0.0,0.0
Nikola Cumic,SRB,"MF,FW",Rubin Kazan,25,20,13,1069,11.9,2,0,2,2,0,0,2,0,0.17,0.0,0.17,0.17,0.17,1.5,0,6,12,6,16,2,6,0,25,12,48.0,2.1,1.01,0.08,0.17
Marvin Cuni,ALB,FW,Rubin Kazan,23,10,4,457,5.1,0,0,0,0,0,0,1,0,0.0,0.0,0.0,0.0,0.0,1.0,0,8,15,0,6,2,4,0,6,0,0.0,1.18,0.0,0.0,0.0
Mirlind Daku,ALB,FW,Rubin Kazan,26,26,26,2303,25.6,15,5,20,12,3,5,10,2,0.59,0.2,0.78,0.47,0.66,8.0,2,74,54,21,10,7,9,0,65,31,47.7,2.54,1.21,0.18,0.39
Kirill Danilin,RUS,"FW,MF",FK Akron Tolyatti,21,25,18,1548,17.2,1,1,2,1,0,0,4,1,0.06,0.06,0.12,0.06,0.12,0.7,1,33,28,6,87,9,20,0,23,9,39.1,1.34,0.52,0.04,0.11
Eli Dasa,ISR,DF,Dynamo Mosc,31,20,16,1399,15.5,0,1,1,0,0,0,3,0,0.0,0.06,0.06,0.0,0.06,1.0,0,21,14,0,37,11,14,0,11,0,0.0,0.71,0.0,0.0,0.0
Moses David Cobnan,NGA,"MF,FW",Krasnodar,21,25,4,587,6.5,4,1,5,4,0,0,3,0,0.61,0.15,0.77,0.61,0.77,0.9,0,18,7,2,6,1,4,0,19,7,36.8,2.91,1.07,0.21,0.57
Victor Davila,CHI,"FW,MF",CSKA Moscow,26,4,3,274,3.0,0,2,2,0,0,0,0,0,0.0,0.66,0.66,0.0,0.66,5.5,0,1,6,3,5,5,2,0,7,5,71.4,2.3,1.64,0.0,0.0
Daniil Denisov,RUS,DF,Spartak Moscow,21,25,21,1818,20.2,0,1,1,0,0,0,8,0,0.0,0.05,0.05,0.0,0.05,4.0,0,27,4,1,36,16,34,1,13,2,15.4,0.64,0.1,0.0,0.0
Diego,BRA,DF,Krasnodar,25,28,28,2508,27.9,1,0,1,1,0,0,7,1,0.04,0.0,0.04,0.04,0.04,8.0,1,34,5,2,6,34,36,0,16,2,12.5,0.57,0.07,0.06,0.5
Bojan Dimoski,MKD,DF,FK Akron Tolyatti,22,9,9,760,8.4,0,0,0,0,0,0,2,0,0.0,0.0,0.0,0.0,0.0,0.5,0,13,4,0,23,10,11,0,7,1,14.3,0.83,0.12,0.0,0.0
Zaim Divanovic,MNE,MF,Akhmat Grozny,23,7,1,164,1.8,0,0,0,0,0,0,0,0,0.0,0.0,0.0,0.0,0.0,0.15,0,1,2,0,1,1,5,0,1,0,0.0,0.55,0.0,0.0,0.0
Igor Diveev,RUS,DF,CSKA Moscow,24,26,26,2311,25.7,5,0,5,5,0,0,2,0,0.19,0.0,0.19,0.19,0.19,8.0,0,18,5,0,2,19,29,0,27,10,37.0,1.05,0.39,0.19,0.5
Arsenii Dmitriev,RUS,FW,FK Akron Tolyatti,17,5,0,79,0.9,0,0,0,0,0,0,0,0,0.0,0.0,0.0,0.0,0.0,0.2,0,1,2,1,7,0,0,1,4,0,0.0,4.56,0.0,0.0,0.0
Igor Dmitriev,RUS,MF,Samara,20,22,8,798,8.9,3,2,5,3,0,0,3,0,0.34,0.23,0.56,0.34,0.56,1.0,0,12,14,7,16,4,10,0,21,10,47.6,2.37,1.13,0.14,0.3
Aleksandr Dovbnya,RUS,GK,Spartak Moscow,37,1,0,21,0.2,0,0,0,0,0,0,0,0,0.0,0.0,0.0,0.0,0.0,0.05,0,0,0,0,0,0,0,0,0,0,0.0,0.0,0.0,0.0,0.0
Vanja Drkusic,SVN,"DF,MF",Zenit,24,7,5,444,4.9,0,0,0,0,0,0,0,0,0.0,0.0,0.0,0.0,0.0,4.0,0,7,6,1,0,6,2,0,2,0,0.0,0.41,0.0,0.0,0.0
Alexis Duarte,PAR,DF,Spartak Moscow,24,15,12,1067,11.9,0,1,1,0,0,0,6,1,0.0,0.08,0.08,0.0,0.08,3.0,1,8,6,0,9,19,18,0,3,2,66.7,0.25,0.17,0.0,0.0
Abdulpasha Dzhabrailov,RUS,MF,D'mo Makhachkala,19,10,1,312,3.5,0,0,0,0,0,0,0,0,0.0,0.0,0.0,0.0,0.0,0.3,0,9,3,0,3,8,5,0,3,0,0.0,0.87,0.0,0.0,0.0
Georgi Dzhikiya,RUS,DF,FC Khimki,30,17,16,1337,14.9,0,0,0,0,0,0,2,0,0.0,0.0,0.0,0.0,0.0,2.0,0,7,9,0,3,10,11,0,6,1,16.7,0.4,0.07,0.0,0.0
Maks Dziov,RUS,DF,Fakel Voronezh,22,21,21,1791,19.9,0,0,0,0,0,0,7,1,0.0,0.0,0.0,0.0,0.0,0.7,1,34,18,4,13,20,29,0,10,1,10.0,0.5,0.05,0.0,0.0
Artem Dzyuba,RUS,FW,FK Akron Tolyatti,35,22,20,1720,19.1,9,5,14,7,2,2,1,0,0.47,0.26,0.73,0.37,0.63,1.5,0,27,19,13,2,1,4,0,48,20,41.7,2.51,1.05,0.15,0.35
Houssem Eddine Mrezigue,ALG,MF,D'mo Makhachkala,24,22,20,1713,19.0,2,0,2,2,0,0,2,1,0.11,0.0,0.11,0.11,0.11,0.9,0,32,20,2,20,35,31,0,29,6,20.7,1.52,0.32,0.07,0.33
Aleksandr Ektov,RUS,"DF,MF",Krasnodar,28,24,23,2043,22.700000000000003,1,2,3,1,0,0,4,0,0.04,0.09,0.13,0.04,0.13,0.8,0,29,16,0,39,23,19,0,9,2,22.22,0.4,0.09,0.11,0.5
Abu-Said Eldarushev,RUS,FW,FK Akron Tolyatti,22,1,1,64,0.7,1,1,2,1,0,0,0,0,1.41,1.41,2.81,1.41,2.81,0.4,0,2,1,0,1,1,0,0,1,1,100.0,1.41,1.41,1.0,1.0
Strahinja Erakovic,SRB,DF,Zenit,23,22,19,1604,17.8,0,1,1,0,0,0,4,1,0.0,0.06,0.06,0.0,0.06,9.0,1,27,13,1,9,24,31,0,8,2,25.0,0.45,0.11,0.0,0.0
Nikita Ermakov,RUS,"MF,FW",Nizhny Novgorod,21,23,13,1200,13.3,0,1,1,0,0,0,1,0,0.0,0.07,0.07,0.0,0.07,0.6,0,24,9,4,7,13,15,0,10,6,60.0,0.75,0.45,0.0,0.0
Aleksandr Erokhin,RUS,MF,Zenit,34,20,0,257,2.9,2,0,2,2,0,0,1,0,0.7,0.0,0.7,0.7,0.7,0.25,0,6,3,1,3,2,1,0,14,6,42.9,4.9,2.1,0.14,0.33
Sherzod Esanov,UZB,MF,FK Akron Tolyatti,21,9,1,246,2.7,0,0,0,0,0,0,2,0,0.0,0.0,0.0,0.0,0.0,0.3,0,6,4,0,2,2,7,0,2,1,50.0,0.73,0.37,0.0,0.0
Joao Escoval,POR,DF,FK Akron Tolyatti,27,28,26,2295,25.5,2,0,2,2,0,0,3,0,0.08,0.0,0.08,0.08,0.08,0.9,0,32,6,2,3,26,25,0,9,2,22.2,0.35,0.08,0.22,1.0
Joel Fameyeh,GHA,FW,Rubin Kazan,27,3,1,108,1.2,1,0,1,0,1,1,0,0,0.83,0.0,0.83,0.0,0.0,0.75,0,2,3,0,4,0,0,0,2,1,50.0,1.67,0.83,0.0,0.0
Edgardo Farina,PAN,DF,FC Khimki,22,14,11,1079,12.0,3,0,3,3,0,0,7,1,0.25,0.0,0.25,0.25,0.25,1.0,0,14,8,1,2,19,17,0,11,4,36.4,0.92,0.33,0.27,0.75
Lucas Fasson,BRA,"DF,MF",Loko Moscow,23,11,10,935,10.4,0,0,0,0,0,0,3,0,0.0,0.0,0.0,0.0,0.0,3.0,0,11,5,0,4,8,11,0,5,1,20.0,0.48,0.1,0.0,0.0
Abbosbek Fayzullayev,UZB,"FW,MF",CSKA Moscow,20,27,20,1811,20.1,3,4,7,3,0,0,5,0,0.15,0.2,0.35,0.15,0.35,8.0,0,35,38,2,76,12,32,0,40,20,50.0,1.99,0.99,0.08,0.15
Dani Fernandez,ESP,DF,FC Khimki,27,20,20,1747,19.4,0,2,2,0,0,0,5,0,0.0,0.1,0.1,0.0,0.1,0.8,0,26,19,2,42,13,20,0,5,3,60.0,0.26,0.15,0.0,0.0
Roberto Fernandez,PAR,DF,Dynamo Mosc,24,20,19,1628,18.1,1,1,2,1,0,0,6,0,0.06,0.06,0.11,0.06,0.11,3.5,0,26,11,1,6,19,36,0,14,5,35.7,0.77,0.28,0.07,0.2
Oleksandr Filin,RUS,DF,FC Khimki,28,30,30,2700,30.0,0,0,0,0,0,0,2,0,0.0,0.0,0.0,0.0,0.0,1.0,0,24,31,3,7,31,30,0,7,2,28.6,0.23,0.07,0.0,0.0
Gabriel Florentin,ARG,MF,Orenburg,25,4,4,265,2.9,0,2,2,0,0,0,0,0,0.0,0.68,0.68,0.0,0.68,1.5,0,3,5,0,9,1,5,0,9,2,22.2,3.06,0.68,0.0,0.0
Daniil Fomin,RUS,MF,Dynamo Mosc,27,26,23,2039,22.7,5,2,7,5,0,0,5,1,0.22,0.09,0.31,0.22,0.31,8.0,0,37,26,3,15,19,20,0,44,17,38.6,1.94,0.75,0.11,0.29
Albert Gabaraev,RUS,DF,Fakel Voronezh,26,3,2,206,2.3,0,0,0,0,0,0,0,0,0.0,0.0,0.0,0.0,0.0,0.3,0,1,2,1,2,3,0,0,0,0,0.0,0.0,0.0,0.0,0.0
Abakar Gadzhiev,RUS,FW,D'mo Makhachkala,20,28,9,1003,11.1,1,0,1,1,0,0,5,0,0.09,0.0,0.09,0.09,0.09,0.6,0,25,14,1,47,10,16,0,27,5,18.5,2.42,0.45,0.04,0.2
Shamil Gadzhiev,RUS,MF,D'mo Makhachkala,19,2,0,7,0.1,1,0,1,1,0,0,0,0,12.86,0.0,12.86,12.86,12.86,0.075,0,0,0,0,0,0,0,0,3,1,33.3,38.57,12.86,0.33,1.0
Luka Gagnidze,GEO,MF,Dynamo Mosc,21,12,1,242,2.7,2,0,2,2,0,0,1,0,0.74,0.0,0.74,0.74,0.74,1.2,0,2,3,0,0,3,3,0,7,4,57.14,2.59,1.48,0.29,0.5
Adolfo Gaich,ARG,FW,CSKA Moscow,25,1,0,11,0.1,0,0,0,0,0,0,0,0,0.0,0.0,0.0,0.0,0.0,1.4,0,1,2,1,0,0,1,0,1,1,100.0,8.18,8.18,0.0,0.0
Milan Gajic,SRB,"MF,DF",CSKA Moscow,28,21,13,1254,13.9,0,0,0,0,0,0,4,0,0.0,0.0,0.0,0.0,0.0,4.0,0,23,5,2,33,6,8,0,6,1,16.7,0.43,0.07,0.0,0.0
Thomas Galdames,CHI,DF,Samara,25,21,14,1249,13.9,3,2,5,3,0,0,3,0,0.22,0.14,0.36,0.22,0.36,2.0,0,18,14,0,82,10,15,0,15,6,40.0,1.08,0.43,0.2,0.5
Artur Galoyan,ARM,MF,FK Akron Tolyatti,25,7,0,188,2.1,1,1,2,1,0,0,1,0,0.48,0.48,0.96,0.48,0.96,0.5,0,3,3,0,19,1,5,0,8,3,37.5,3.83,1.44,0.13,0.33
Ilya Gaponov,RUS,DF,Samara,26,9,8,650,7.2,0,0,0,0,0,0,1,1,0.0,0.0,0.0,0.0,0.0,0.6,0,4,1,1,0,6,6,0,1,0,0.0,0.14,0.0,0.0,0.0
Levi Garcia,TRI,"FW,MF",Spartak Moscow,26,11,5,628,7.0,1,0,1,1,0,0,0,0,0.14,0.0,0.14,0.14,0.14,12.0,0,11,11,3,5,0,1,0,26,10,38.5,3.73,1.43,0.04,0.1
Benjami­n Garre,ARG,MF,Samara,24,14,11,911,10.1,1,0,1,0,1,1,2,0,0.1,0.0,0.1,0.0,0.0,6.0,0,16,23,0,47,14,14,0,14,3,21.4,1.38,0.3,0.0,0.0
Yuri Gazinskiy,RUS,MF,Krasnodar,35,3,0,15,0.2,1,0,1,1,0,0,0,0,6.0,0.0,6.0,6.0,6.0,0.2,0,0,0,0,0,0,0,0,1,1,100.0,6.0,6.0,1.0,1.0
Nader Ghandri,TUN,DF,Akhmat Grozny,29,22,19,1717,19.1,3,0,3,2,1,2,10,0,0.16,0.0,0.16,0.1,0.1,0.9,0,27,29,3,6,33,17,0,29,11,37.9,1.52,0.58,0.07,0.18
Mohammed Ghorbani,IRN,MF,Orenburg,23,18,15,1354,15.0,1,0,1,1,0,0,3,0,0.07,0.0,0.07,0.07,0.07,1.3,0,21,12,2,4,13,17,0,22,5,22.7,1.46,0.33,0.05,0.2
Nikolai Giorgobiani,RUS,"MF,FW",Fakel Voronezh,27,16,3,538,6.0,2,1,3,2,0,0,1,0,0.33,0.17,0.5,0.33,0.5,0.5,0,6,16,2,38,2,4,0,10,5,50.0,1.67,0.84,0.2,0.4
Yaroslav Gladyshev,RUS,"MF,FW",Dynamo Mosc,21,28,19,1686,18.7,10,5,15,10,0,0,1,0,0.53,0.27,0.8,0.53,0.8,4.0,0,24,25,7,22,13,12,0,64,33,51.6,3.42,1.76,0.16,0.3
Dan Glazer,ISR,MF,Nizhny Novgorod,27,10,6,510,5.7,0,0,0,0,0,0,1,0,0.0,0.0,0.0,0.0,0.0,0.7,0,7,6,0,0,18,7,0,0,0,0.0,0.0,0.0,0.0,0.0
Danil Glebov,RUS,MF,Rostov,24,27,26,2345,26.1,2,2,4,2,0,0,3,0,0.08,0.08,0.15,0.08,0.15,8.0,0,17,31,0,25,34,24,0,32,6,18.75,1.23,0.23,0.06,0.33
Kirill Glebov,RUS,FW,CSKA Moscow,18,15,4,444,4.9,1,1,2,1,0,0,1,0,0.2,0.2,0.41,0.2,0.41,1.5,0,10,10,1,6,6,6,0,11,5,45.5,2.23,1.01,0.09,0.2
Denis Glushakov,RUS,MF,FC Khimki,37,5,0,51,0.6,0,0,0,0,0,0,0,0,0.0,0.0,0.0,0.0,0.0,0.0,0,0,0,0,0,0,1,0,4,0,0.0,7.06,0.0,0.0,0.0
Kirill Glushchenkov,RUS,MF,Nizhny Novgorod,24,1,0,24,0.3,0,0,0,0,0,0,0,0,0.0,0.0,0.0,0.0,0.0,0.3,0,0,0,0,1,0,0,0,0,0,0.0,0.0,0.0,0.0,0.0
Maksim Glushenkov,RUS,MF,Zenit,25,20,18,1264,14.0,9,2,11,9,0,0,3,0,0.64,0.14,0.78,0.64,0.78,14.0,0,17,29,8,81,7,13,0,49,25,51.0,3.49,1.78,0.18,0.36
Nikita Glushkov,RUS,MF,D'mo Makhachkala,25,27,27,2330,25.9,0,0,0,0,0,0,9,0,0.0,0.0,0.0,0.0,0.0,0.9,0,30,37,1,13,73,39,0,10,1,10.0,0.39,0.04,0.0,0.0
Danila Godiaev,RUS,MF,Loko Moscow,20,10,7,519,5.8,0,0,0,0,0,0,1,0,0.0,0.0,0.0,0.0,0.0,1.5,0,15,11,0,3,5,5,0,1,0,0.0,0.17,0.0,0.0,0.0
Leo Goglichidze,RUS,DF,Akhmat Grozny,27,4,2,203,2.3,0,0,0,0,0,0,0,0,0.0,0.0,0.0,0.0,0.0,0.6,0,4,2,1,4,1,8,0,2,0,0.0,0.89,0.0,0.0,0.0
Cedric Gogoua,CIV,DF,FC Khimki,30,3,3,175,1.9,0,0,0,0,0,0,0,1,0.0,0.0,0.0,0.0,0.0,0.15,0,3,2,0,0,2,1,0,0,0,0.0,0.0,0.0,0.0,0.0
Yegor Golenkov,RUS,FW,Rostov,25,25,10,1125,12.5,5,2,7,5,0,0,4,0,0.4,0.16,0.56,0.4,0.56,2.5,0,17,9,6,1,7,1,0,45,17,37.8,3.6,1.36,0.11,0.29
Petar Golubovic,SRB,"DF,MF",FC Khimki,30,16,9,886,9.8,0,1,1,0,0,0,2,0,0.0,0.1,0.1,0.0,0.1,0.35,0,14,12,0,14,17,9,0,5,1,20.0,0.51,0.1,0.0,0.0
Luciano Gondou,ARG,"FW,MF",Zenit,23,23,16,1408,15.6,10,1,11,10,0,0,3,0,0.64,0.06,0.7,0.64,0.7,12.0,0,20,28,6,12,6,15,0,50,22,44.0,3.2,1.41,0.2,0.45
Giovanni Gonzalez,URU,DF,Krasnodar,29,22,9,1043,11.6,0,0,0,0,0,0,4,0,0.0,0.0,0.0,0.0,0.0,2.5,0,14,14,0,34,20,16,0,6,0,0.0,0.52,0.0,0.0,0.0
Yuri Gorshkov,RUS,"MF,DF",Zenit,25,15,3,505,5.6,0,1,1,0,0,0,0,0,0.0,0.18,0.18,0.0,0.18,2.0,0,6,6,0,19,4,5,0,3,1,33.3,0.53,0.18,0.0,0.0
Kirill Gotsuk,RUS,DF,Nizhny Novgorod,31,25,18,1683,18.7,0,0,0,0,0,0,1,0,0.0,0.0,0.0,0.0,0.0,0.7,0,21,12,5,0,16,11,0,10,0,0.0,0.53,0.0,0.0,0.0
Sergei Gribov,RUS,FW,FK Akron Tolyatti,19,9,2,234,2.6,0,0,0,0,0,0,1,0,0.0,0.0,0.0,0.0,0.0,0.25,0,9,4,1,0,0,1,0,1,0,0.0,0.38,0.0,0.0,0.0
Aleksei Gritsayenko,RUS,DF,Rubin Kazan,29,24,23,2029,22.5,0,0,0,0,0,0,3,1,0.0,0.0,0.0,0.0,0.0,1.8,1,22,17,0,1,44,18,0,6,0,0.0,0.27,0.0,0.0,0.0
Vyacheslav Grulyov,RUS,"FW,MF",Nizhny Novgorod,25,17,11,732,8.2,5,0,5,4,1,1,1,0,0.61,0.0,0.61,0.49,0.49,1.2,0,11,12,0,7,5,3,0,22,11,50.0,2.68,1.34,0.23,0.45
Saul Guarirapa,VEN,FW,CSKA Moscow,21,20,8,906,10.1,5,0,5,5,0,0,4,0,0.5,0.0,0.5,0.5,0.5,1.5,0,16,13,4,9,0,3,0,30,11,36.7,2.98,1.09,0.17,0.45
Vitali Gudiyev,RUS,GK,Fakel Voronezh,29,18,18,1620,18.0,0,0,0,0,0,0,1,0,0.0,0.0,0.0,0.0,0.0,0.4,0,0,1,0,0,0,0,0,0,0,0.0,0.0,0.0,0.0,0.0
Emircan Gurluk,TUR,MF,Orenburg,20,23,11,1012,11.2,2,3,5,2,0,0,0,0,0.18,0.27,0.44,0.18,0.44,0.6,0,13,17,1,46,7,8,0,31,14,45.2,2.76,1.25,0.06,0.14
Hidajet Hankic,BIH,GK,Rostov,30,2,2,180,2.0,0,0,0,0,0,0,0,0,0.0,0.0,0.0,0.0,0.0,0.4,0,0,1,0,0,0,0,0,0,0,0.0,0.0,0.0,0.0,0.0
Luiz Henrique,BRA,MF,Zenit,23,11,11,957,10.6,2,2,4,2,0,0,2,0,0.19,0.19,0.38,0.19,0.38,25.0,0,15,29,1,15,8,12,0,31,8,25.8,2.92,0.75,0.06,0.25
Veldin Hodza,KVX,MF,Rubin Kazan,21,22,15,1266,14.1,2,0,2,2,0,0,5,0,0.14,0.0,0.14,0.14,0.14,3.0,0,35,15,0,13,6,23,0,18,5,27.8,1.28,0.36,0.11,0.4
Javad Hosseinnezhad,IRN,"MF,FW",D'mo Makhachkala,21,24,12,1053,11.7,3,3,6,3,0,0,3,0,0.26,0.26,0.51,0.26,0.51,0.9,0,14,23,2,39,10,12,0,31,8,25.8,2.65,0.68,0.1,0.38
Turpal Ibishev,RUS,DF,Akhmat Grozny,22,17,17,1467,16.3,0,0,0,0,0,0,3,0,0.0,0.0,0.0,0.0,0.0,1.5,0,12,15,0,0,15,20,0,15,2,13.3,0.92,0.12,0.0,0.0
German Ignatov,RUS,DF,Rostov,18,10,6,551,6.1,0,0,0,0,0,0,1,0,0.0,0.0,0.0,0.0,0.0,0.5,0,4,2,0,16,8,7,0,5,0,0.0,0.82,0.0,0.0,0.0
Mikhail Ignatov,RUS,"MF,FW",Spartak Moscow,24,9,2,216,2.4,0,0,0,0,0,0,0,0,0.0,0.0,0.0,0.0,0.0,1.0,0,4,2,5,5,0,0,0,8,1,12.5,3.33,0.42,0.0,0.0
Vladimir Ilyin,RUS,FW,Fakel Voronezh,32,25,23,1855,20.6,3,1,4,1,2,2,5,0,0.15,0.05,0.19,0.05,0.1,0.5,0,31,16,4,10,11,6,0,42,13,31.0,2.04,0.63,0.02,0.08
Oleg Isaenko,RUS,DF,FC Khimki,24,1,0,13,0.1,0,0,0,0,0,0,0,0,0.0,0.0,0.0,0.0,0.0,0.35,0,0,0,0,0,0,0,0,0,0,0.0,0.0,0.0,0.0,0.0
Wilson Isidor,FRA,"FW,MF",Zenit,23,3,0,62,0.7,1,0,1,1,0,0,0,0,1.45,0.0,1.45,1.45,1.45,12.0,0,1,1,0,0,0,0,0,4,2,50.0,5.81,2.9,0.25,0.5
Dmytro Ivanisenya,UKR,MF,Samara,30,15,2,383,4.3,0,0,0,0,0,0,2,0,0.0,0.0,0.0,0.0,0.0,0.4,0,4,3,0,2,2,6,0,2,2,100.0,0.47,0.47,0.0,0.0
Oleg Ivanov,RUS,MF,Rubin Kazan,37,28,2,611,6.8,0,2,2,0,0,0,3,0,0.0,0.29,0.29,0.0,0.29,0.1,0,7,7,0,9,6,9,0,6,4,66.7,0.88,0.59,0.0,0.0
Andrei Ivlev,RUS,MF,Fakel Voronezh,17,21,10,935,10.4,0,2,2,0,0,0,1,0,0.0,0.19,0.19,0.0,0.19,0.4,0,9,11,1,37,6,13,0,14,2,14.3,1.35,0.19,0.0,0.0
Uguchukwu Iwu,ARM,MF,Rubin Kazan,24,26,25,2142,23.8,0,0,0,0,0,0,5,0,0.0,0.0,0.0,0.0,0.0,2.5,0,29,12,0,6,31,37,0,16,0,0.0,0.67,0.0,0.0,0.0
Bogdan Jocic,SRB,MF,Rubin Kazan,23,15,11,881,9.8,2,3,5,2,0,0,1,0,0.2,0.31,0.51,0.2,0.51,0.8,0,21,7,0,3,14,13,0,12,4,33.3,1.23,0.41,0.17,0.5
Willian Jose,BRA,FW,Spartak Moscow,32,7,0,144,1.6,0,0,0,0,0,0,0,0,0.0,0.0,0.0,0.0,0.0,1.8,0,0,1,2,0,0,2,0,7,1,14.3,4.37,0.62,0.0,0.0
Aleksandar Jukic,AUT,"MF,FW",Rubin Kazan,24,4,3,252,2.8,1,0,1,1,0,0,1,0,0.36,0.0,0.36,0.36,0.36,0.6,0,1,3,0,10,1,2,0,4,2,50.0,1.43,0.71,0.25,0.5
Dmitri Kabutov,RUS,"DF,MF",Rubin Kazan,32,28,28,2457,27.3,1,6,7,1,0,0,7,1,0.04,0.22,0.26,0.04,0.26,0.8,1,43,41,0,165,31,44,0,31,4,12.9,1.14,0.15,0.03,0.25
Soslan Kagermazov,RUS,"MF,DF",D'mo Makhachkala,27,24,19,1720,19.1,1,2,3,1,0,0,3,0,0.05,0.1,0.16,0.05,0.16,0.7,0,17,22,1,40,21,36,0,6,2,33.3,0.31,0.1,0.17,0.5
Nikita Kakkoyev,RUS,"DF,MF",Nizhny Novgorod,24,26,24,2070,23.0,0,2,2,0,0,0,6,1,0.0,0.09,0.09,0.0,0.09,1.2,0,27,36,1,12,30,53,0,16,7,43.8,0.7,0.3,0.0,0.0
Ihor Kalinin,UKR,"DF,MF",Fakel Voronezh,28,23,18,1653,18.4,0,1,1,0,0,0,5,0,0.0,0.05,0.05,0.0,0.05,0.7,0,24,29,0,135,22,21,0,8,1,12.5,0.44,0.05,0.0,0.0
Nikolay Kalinsky,RUS,MF,Nizhny Novgorod,30,22,19,1692,18.8,1,2,3,0,1,2,4,0,0.05,0.11,0.16,0.0,0.11,1.2,0,15,20,0,103,24,17,0,20,6,30.0,1.06,0.32,0.0,0.0
Vladislav Kamilov,RUS,MF,Akhmat Grozny,28,25,13,1343,14.9,2,1,3,2,0,0,5,1,0.13,0.07,0.2,0.13,0.2,0.8,0,33,28,1,19,22,14,0,12,2,16.7,0.8,0.13,0.17,1.0
Kirill Kaplenko,BLR,MF,FC Khimki,25,5,2,150,1.7,0,0,0,0,0,0,0,0,0.0,0.0,0.0,0.0,0.0,0.5,0,2,0,0,0,2,2,0,1,0,0.0,0.6,0.0,0.0,0.0
Vladislav Karapuzov,RUS,"FW,DF",Nizhny Novgorod,24,15,5,590,6.6,0,0,0,0,0,0,3,1,0.0,0.0,0.0,0.0,0.0,0.4,0,9,7,0,33,4,8,0,7,2,28.6,1.07,0.31,0.0,0.0
Kazimcan Karatas,TUR,DF,Orenburg,21,18,13,1231,13.7,1,1,2,1,0,0,2,0,0.07,0.07,0.15,0.07,0.15,1.2,0,9,9,2,48,20,20,0,14,1,7.1,1.02,0.07,0.07,1.0
Vyacheslav Karavayev,RUS,DF,Zenit,29,12,8,743,8.3,0,0,0,0,0,0,0,0,0.0,0.0,0.0,0.0,0.0,3.5,0,5,1,3,15,3,12,0,3,2,66.7,0.36,0.24,0.0,0.0
Artem Karpukas,RUS,MF,Loko Moscow,22,25,19,1557,17.3,1,2,3,1,0,0,3,0,0.06,0.12,0.17,0.06,0.17,5.0,0,27,25,0,8,23,28,0,11,1,9.1,0.64,0.06,0.09,1.0
Aleksei Kashtanov,RUS,FW,Fakel Voronezh,28,23,17,1589,17.7,2,1,3,2,0,0,2,0,0.11,0.06,0.17,0.11,0.17,0.7,0,28,30,18,6,3,3,0,33,7,21.2,1.87,0.4,0.06,0.29
Artem Kasimov,RUS,DF,Orenburg,21,11,11,907,10.1,1,0,1,1,0,0,1,0,0.1,0.0,0.1,0.1,0.1,0.6,0,7,0,1,0,13,17,0,1,1,100.0,0.1,0.1,1.0,1.0
Anton Kavaloŭ,BLR,"MF,DF",Fakel Voronezh,24,5,3,235,2.6,0,0,0,0,0,0,0,0,0.0,0.0,0.0,0.0,0.0,0.3,0,1,4,1,6,0,1,0,2,0,0.0,0.77,0.0,0.0,0.0
Evgenii Kharin,RUS,MF,Akhmat Grozny,29,2,0,31,0.3,0,0,0,0,0,0,1,0,0.0,0.0,0.0,0.0,0.0,0.8,0,2,0,1,0,0,0,0,1,0,0.0,2.9,0.0,0.0,0.0
Khellven,BRA,"MF,DF",CSKA Moscow,23,24,18,1563,17.4,3,3,6,3,0,0,3,0,0.17,0.17,0.35,0.17,0.35,5.0,0,22,14,1,50,19,27,0,18,9,50.0,1.04,0.52,0.17,0.33
Daniil Khlusevich,RUS,"DF,MF",Spartak Moscow,23,13,8,705,7.8,0,1,1,0,0,0,3,0,0.0,0.13,0.13,0.0,0.13,3.5,0,16,3,2,17,4,14,0,13,1,7.7,1.66,0.13,0.0,0.0
Khetag Khosonov,RUS,MF,FC Khimki,26,17,16,1339,14.9,1,1,2,1,0,1,0,0,0.07,0.07,0.13,0.07,0.13,1.0,0,32,13,0,16,13,12,0,22,5,22.7,1.48,0.34,0.05,0.2
Danila Khotulev,RUS,DF,Orenburg,21,9,6,640,7.1,0,1,1,0,0,0,2,0,0.0,0.14,0.14,0.0,0.14,0.4,0,6,2,0,1,13,10,0,1,0,0.0,0.14,0.0,0.0,0.0
Maksim Khramtsov,RUS,DF,D'mo Makhachkala,22,2,0,23,0.3,0,0,0,0,0,0,0,0,0.0,0.0,0.0,0.0,0.0,0.3,0,1,0,0,0,0,1,0,0,0,0.0,0.0,0.0,0.0,0.0
Vladimir Khubulov,RUS,"MF,FW",FK Akron Tolyatti,23,24,8,968,10.8,5,0,5,5,0,0,2,0,0.46,0.0,0.46,0.46,0.46,0.6,0,28,24,2,36,4,18,0,22,10,45.5,2.05,0.93,0.23,0.5
Ilia Kirsh,RUS,"MF,DF",D'mo Makhachkala,19,3,2,168,1.9,0,0,0,0,0,0,1,0,0.0,0.0,0.0,0.0,0.0,0.3,0,4,0,1,0,1,2,0,1,0,0.0,0.54,0.0,0.0,0.0
Matvei Kisliak,RUS,MF,CSKA Moscow,19,22,19,1584,17.6,1,1,2,1,0,0,5,0,0.06,0.06,0.11,0.06,0.11,8.0,0,19,42,0,6,23,36,0,26,10,38.5,1.48,0.57,0.04,0.1
Sekou Koita,MLI,"FW,MF",CSKA Moscow,24,22,9,804,8.9,3,1,4,3,0,0,3,0,0.34,0.11,0.45,0.34,0.45,3.5,0,12,13,2,5,5,11,0,24,8,33.3,2.69,0.9,0.13,0.38
Nikita Kokarev,RUS,GK,FC Khimki,21,21,21,1890,21.0,0,0,0,0,0,0,0,0,0.0,0.0,0.0,0.0,0.0,1.5,0,1,4,0,0,1,0,0,0,0,0.0,0.0,0.0,0.0,0.0
Aleksandr Koksharov,RUS,FW,Nizhny Novgorod,19,5,4,402,4.5,1,1,2,1,0,0,0,0,0.22,0.22,0.45,0.22,0.45,0.8,0,17,9,0,0,1,1,0,12,4,33.3,2.69,0.9,0.08,0.25
Aleksey Koltakov,RUS,MF,Rostov,18,1,1,90,1.0,0,0,0,0,0,0,1,0,0.0,0.0,0.0,0.0,0.0,0.2,0,1,0,0,1,3,0,0,0,0,0.0,0.0,0.0,0.0,0.0
Ivan Komarov,RUS,MF,Rostov,21,19,14,1179,13.1,3,1,4,3,0,0,4,0,0.23,0.08,0.31,0.23,0.31,2.0,0,23,28,1,88,10,17,0,41,8,19.5,3.13,0.61,0.07,0.38
Nikolay Komlichenko,RUS,FW,Rostov,29,26,22,1938,21.5,8,4,12,7,1,1,2,0,0.37,0.19,0.56,0.33,0.51,3.5,0,42,53,7,4,6,2,0,64,20,31.3,2.97,0.93,0.11,0.35
Nikita Kotin,RUS,DF,D'mo Makhachkala,21,1,0,71,0.8,0,0,0,0,0,0,0,0,0.0,0.0,0.0,0.0,0.0,0.25,0,1,2,0,0,0,1,0,0,0,0.0,0.0,0.0,0.0,0.0
Vladimir Kovacevic,SRB,DF,D'mo Makhachkala,31,1,0,1,0.0,0,0,0,0,0,0,0,0,0.0,0.0,0.0,0.0,0.0,0.275,0,0,0,0,0,0,0,0,0,0,0.0,0.0,0.0,0.0,0.0
Svetoslav Kovachev,BUL,"MF,FW",Akhmat Grozny,26,10,5,495,5.5,0,0,0,0,0,0,3,0,0.0,0.0,0.0,0.0,0.0,0.8,0,9,5,2,9,1,5,0,10,0,0.0,1.82,0.0,0.0,0.0
Aleksandr Kovalenko,RUS,MF,Orenburg,20,17,9,778,8.6,0,1,1,0,0,0,3,1,0.0,0.12,0.12,0.0,0.12,1.5,1,19,13,0,14,8,7,0,6,1,16.7,0.69,0.12,0.0,0.0
Danila Kozlov,RUS,"MF,FW",Krasnodar,19,23,3,432,4.8,2,0,2,2,0,0,3,0,0.42,0.0,0.42,0.42,0.42,2.0,0,9,9,0,13,2,5,0,6,3,50.0,1.25,0.62,0.33,0.67
Anton Krachkovskii,RUS,MF,D'mo Makhachkala,22,4,4,305,3.4,0,0,0,0,0,0,1,0,0.0,0.0,0.0,0.0,0.0,0.3,0,9,0,1,2,2,4,0,1,1,100.0,0.3,0.3,0.0,0.0
Yaroslav Krashevskiy,RUS,DF,Nizhny Novgorod,20,4,0,67,0.7,0,0,0,0,0,0,0,0,0.0,0.0,0.0,0.0,0.0,0.2,0,0,0,1,1,0,0,0,0,0,0.0,0.0,0.0,0.0,0.0
Nikita Krivtsov,RUS,MF,Krasnodar,21,27,11,1175,13.1,5,0,5,5,0,0,2,0,0.38,0.0,0.38,0.38,0.38,4.0,0,25,8,0,6,17,14,0,25,10,40.0,1.91,0.77,0.2,0.5
Danil Krugovoy,RUS,"MF,DF",CSKA Moscow,26,24,22,1943,21.6,1,4,5,1,0,0,3,0,0.05,0.19,0.23,0.05,0.23,2.8,0,16,9,3,92,21,16,0,13,4,30.8,0.6,0.19,0.08,0.25
Konstantin Kuchayev,RUS,MF,Rostov,26,21,13,1189,13.2,1,0,1,1,0,0,2,0,0.08,0.0,0.08,0.08,0.08,1.5,0,17,20,0,28,8,19,0,16,7,43.8,1.21,0.53,0.06,0.14
Nikoloz Kutateladze,GEO,FW,Nizhny Novgorod,23,3,0,33,0.4,0,0,0,0,0,0,0,0,0.0,0.0,0.0,0.0,0.0,0.2,0,0,0,0,0,0,1,0,2,0,0.0,5.45,0.0,0.0,0.0
Aleksandr Kutitskiy,RUS,"DF,MF",Dynamo Mosc,22,24,16,1512,16.8,1,0,1,1,0,0,1,0,0.06,0.0,0.06,0.06,0.06,1.8,0,10,8,0,6,26,13,1,7,3,42.9,0.42,0.18,0.14,0.33
Maksim Kuzmin,RUS,MF,FK Akron Tolyatti,28,25,20,1599,17.8,0,3,3,0,0,0,3,0,0.0,0.17,0.17,0.0,0.17,0.9,0,24,17,1,74,24,31,0,11,1,9.1,0.62,0.06,0.0,0.0
Daniil Kuznetsov,RUS,FW,Rubin Kazan,21,1,0,2,0.0,0,0,0,0,0,0,0,0,0.0,0.0,0.0,0.0,0.0,0.35,0,0,0,1,0,0,0,0,0,0,0.0,0.0,0.0,0.0,0.0
Irakli Kvekveskiri,GEO,MF,Fakel Voronezh,34,24,24,1948,21.6,0,1,1,0,0,0,10,0,0.0,0.05,0.05,0.0,0.05,0.3,0,42,29,0,12,33,35,0,21,4,19.0,0.97,0.18,0.0,0.0
Andrey Langovich,RUS,DF,Rostov,21,23,20,1674,18.6,1,2,3,1,0,0,5,0,0.05,0.11,0.16,0.05,0.16,3.0,0,19,21,0,65,38,21,0,23,4,17.4,1.24,0.22,0.04,0.25
Ilya Lantratov,RUS,GK,Loko Moscow,28,22,22,1980,22.0,0,0,0,0,0,0,2,0,0.0,0.0,0.0,0.0,0.0,2.5,0,1,2,0,0,0,0,0,0,0,0.0,0.0,0.0,0.0,0.0
Yevgeni Latyshonok,RUS,GK,Zenit,26,27,27,2373,26.4,0,0,0,0,0,0,1,0,0.0,0.0,0.0,0.0,0.0,4.0,0,0,3,0,0,0,1,0,0,0,0.0,0.0,0.0,0.0,0.0
Diego Laxalt,URU,"MF,DF",Dynamo Mosc,31,15,9,924,10.3,0,0,0,0,0,0,1,0,0.0,0.0,0.0,0.0,0.0,2.0,0,9,20,1,10,8,15,0,4,0,0.0,0.39,0.0,0.0,0.0
Ivan Lepskii,RUS,DF,Dynamo Mosc,19,3,3,259,2.9,1,0,1,1,0,0,0,0,0.35,0.0,0.35,0.35,0.35,0.5,0,1,0,0,0,3,2,0,3,1,33.3,1.04,0.35,0.33,1.0
Igor Leshchuk,RUS,GK,Dynamo Mosc,28,5,4,372,4.1,1,0,1,1,0,0,0,0,0.24,0.0,0.24,0.24,0.24,0.7,0,0,1,0,0,0,0,0,1,1,100.0,0.24,0.24,1.0,1.0
Ruslan Litvinov,RUS,DF,Spartak Moscow,22,21,17,1460,16.2,0,0,0,0,0,0,3,2,0.0,0.0,0.0,0.0,0.0,5.0,0,40,7,2,13,24,18,1,11,3,27.3,0.68,0.18,0.0,0.0
Ivan Lomaev,RUS,GK,Samara,25,13,12,1106,12.3,0,0,0,0,0,0,0,0,0.0,0.0,0.0,0.0,0.0,1.5,0,0,3,0,0,0,0,0,0,0,0.0,0.0,0.0,0.0,0.0
Aleksandr Lomovitskiy,RUS,"FW,MF",Fakel Voronezh,26,9,7,607,6.7,0,0,0,0,0,0,0,0,0.0,0.0,0.0,0.0,0.0,0.5,0,12,5,1,41,1,8,0,14,3,21.4,2.08,0.44,0.0,0.0
Stefan Loncar,MNE,MF,FK Akron Tolyatti,28,29,26,2363,26.3,6,5,11,6,0,0,4,0,0.23,0.19,0.42,0.23,0.42,1.5,0,28,7,1,28,24,37,0,57,25,43.9,2.17,0.95,0.11,0.24
Lucas Lovat,BRA,DF,Akhmat Grozny,27,7,0,157,1.7,1,0,1,1,0,0,2,0,0.57,0.0,0.57,0.57,0.57,0.7,0,1,1,0,17,1,2,0,6,1,16.7,3.44,0.57,0.17,1.0
Matvei Lukin,RUS,DF,CSKA Moscow,20,9,6,603,6.7,2,0,2,2,0,0,2,0,0.3,0.0,0.3,0.3,0.3,1.2,0,6,1,0,0,7,6,0,8,3,37.5,1.19,0.45,0.25,0.67
Vadim Lukyanov,RUS,GK,Nizhny Novgorod,21,2,2,180,2.0,0,0,0,0,0,0,0,0,0.0,0.0,0.0,0.0,0.0,0.3,0,0,0,0,0,0,0,0,0,0,0.0,0.0,0.0,0.0,0.0
Mauro Luna Diale,ARG,"FW,MF",Akhmat Grozny,25,15,5,555,6.2,1,1,2,1,0,0,1,0,0.16,0.16,0.32,0.16,0.32,1.0,0,8,14,1,9,2,5,0,9,2,22.2,1.46,0.32,0.11,0.5
Diego Luna,VEN,DF,FC Khimki,24,2,1,87,1.0,0,0,0,0,0,0,0,0,0.0,0.0,0.0,0.0,0.0,0.5,0,0,0,1,1,0,5,0,3,2,66.7,3.1,2.07,0.0,0.0
Andrey Lunyov,RUS,GK,Dynamo Mosc,32,26,26,2328,25.9,0,0,0,0,0,0,2,0,0.0,0.0,0.0,0.0,0.0,1.2,0,1,4,0,0,0,0,0,0,0,0.0,0.0,0.0,0.0,0.0
Stanislav Magkeev,RUS,DF,Nizhny Novgorod,25,19,12,1030,11.4,0,0,0,0,0,0,0,0,0.0,0.0,0.0,0.0,0.0,0.9,0,12,9,0,3,18,13,0,6,1,16.7,0.52,0.09,0.0,0.0
Butta Magomedov,RUS,"MF,FW",FC Khimki,26,25,4,669,7.4,2,0,2,2,0,0,0,1,0.27,0.0,0.27,0.27,0.27,0.6,0,3,7,0,18,5,6,0,10,4,40.0,1.35,0.54,0.2,0.5
Razhab Magomedov,RUS,"FW,MF",D'mo Makhachkala,23,25,11,1021,11.3,0,1,1,0,0,0,1,0,0.0,0.09,0.09,0.0,0.09,0.6,0,16,6,10,78,1,6,0,11,7,63.6,0.97,0.62,0.0,0.0
Timur Magomedov,RUS,GK,D'mo Makhachkala,22,10,10,900,10.0,0,0,0,0,0,0,0,0,0.0,0.0,0.0,0.0,0.0,0.7,0,0,6,0,0,0,0,0,0,0,0.0,0.0,0.0,0.0,0.0
Mamadou Maiga,MLI,MF,Nizhny Novgorod,29,10,7,676,7.5,0,0,0,0,0,0,1,0,0.0,0.0,0.0,0.0,0.0,0.9,0,15,7,0,0,12,13,0,1,0,0.0,0.13,0.0,0.0,0.0
Milan Majstorovic,SRB,DF,Dynamo Mosc,19,9,9,810,9.0,1,0,1,1,0,0,1,0,0.11,0.0,0.11,0.11,0.11,1.8,0,8,7,0,0,12,21,0,5,5,100.0,0.56,0.56,0.2,0.2
Denis Makarov,RUS,"FW,MF",Dynamo Mosc,26,11,0,84,0.9,1,0,1,1,0,0,1,0,1.07,0.0,1.07,1.07,1.07,1.2,0,4,1,1,5,2,3,0,8,4,50.0,8.57,4.29,0.13,0.25
Aleksandr Maksimenko,RUS,GK,Spartak Moscow,26,27,27,2430,27.0,0,0,0,0,0,0,1,0,0.0,0.0,0.0,0.0,0.0,4.5,0,0,0,0,0,0,0,0,0,0,0.0,0.0,0.0,0.0,0.0
Andrei Malykh,RUS,DF,Orenburg,35,18,16,1325,14.7,0,1,1,0,0,0,6,0,0.0,0.07,0.07,0.0,0.07,0.05,0,22,6,0,52,16,19,0,11,0,0.0,0.75,0.0,0.0,0.0
Ricardo Mangas,POR,DF,Spartak Moscow,26,11,1,200,2.2,2,0,2,2,0,0,0,0,0.9,0.0,0.9,0.9,0.9,2.5,0,7,5,0,8,6,3,0,3,2,66.7,1.35,0.9,0.67,1.0
Braian Mansilla,ARG,"MF,FW",Orenburg,27,27,26,2198,24.4,5,3,8,5,0,0,7,0,0.2,0.12,0.33,0.2,0.33,1.8,0,47,40,12,112,26,39,0,78,28,35.9,3.19,1.15,0.06,0.18
Gustavo Mantuan,BRA,"DF,MF",Zenit,23,27,19,1638,18.2,3,4,7,2,1,1,6,0,0.16,0.22,0.38,0.11,0.33,3.5,0,14,59,1,145,11,27,0,32,10,31.3,1.76,0.55,0.06,0.2
Juan Manuel Boselli,URU,"MF,FW",Nizhny Novgorod,24,26,24,1992,22.1,10,3,13,7,3,3,6,2,0.45,0.14,0.59,0.32,0.45,1.2,1,36,52,5,69,9,4,0,57,26,45.6,2.58,1.17,0.12,0.27
Konstantin Maradishvili,RUS,MF,Nizhny Novgorod,24,2,0,74,0.8,0,0,0,0,0,0,0,0,0.0,0.0,0.0,0.0,0.0,0.5,0,0,4,0,0,0,1,0,3,0,0.0,3.65,0.0,0.0,0.0
Nicolas Marichal,URU,DF,Dynamo Mosc,23,23,17,1610,17.9,0,1,1,0,0,0,0,0,0.0,0.06,0.06,0.0,0.06,3.5,0,16,5,1,2,30,32,0,9,2,22.2,0.5,0.11,0.0,0.0
Jimmy Mari­n,CRC,"MF,FW",Orenburg,26,23,19,1576,17.5,4,1,5,3,1,1,4,0,0.23,0.06,0.29,0.17,0.23,0.6,0,20,23,5,133,3,9,0,43,17,39.5,2.46,0.97,0.07,0.18
Yevgeni Markov,RUS,FW,Fakel Voronezh,30,16,12,1023,11.4,4,1,5,2,2,2,2,1,0.35,0.09,0.44,0.18,0.26,0.6,0,17,26,7,4,6,4,0,29,10,34.5,2.55,0.88,0.07,0.2
Marquinhos,BRA,"MF,FW",Spartak Moscow,24,26,20,1843,20.5,0,10,10,0,0,0,2,0,0.0,0.49,0.49,0.0,0.49,6.0,0,29,50,11,89,19,18,0,31,9,29.0,1.51,0.44,0.0,0.0
Christopher Martins,LUX,MF,Spartak Moscow,27,23,16,1476,16.4,3,5,8,3,0,0,7,0,0.18,0.3,0.49,0.18,0.49,6.0,0,47,36,6,17,12,23,0,35,11,31.4,2.13,0.67,0.09,0.27
Pavel Maslov,RUS,DF,Spartak Moscow,24,1,0,18,0.2,0,0,0,0,0,0,0,0,0.0,0.0,0.0,0.0,0.0,0.45,0,1,0,0,0,0,0,0,0,0,0.0,0.0,0.0,0.0,0.0
Nikita Massalyga,RUS,MF,Spartak Moscow,16,3,0,42,0.5,0,0,0,0,0,0,0,0,0.0,0.0,0.0,0.0,0.0,0.1,0,0,0,0,3,0,0,0,2,1,50.0,4.29,2.14,0.0,0.0
Vladislav Masternoy,RUS,MF,Fakel Voronezh,28,7,3,285,3.2,0,0,0,0,0,0,1,0,0.0,0.0,0.0,0.0,0.0,0.6,0,6,3,0,10,3,4,0,0,0,0.0,0.0,0.0,0.0,0.0
Jesus Medina,PAR,"MF,FW",Spartak Moscow,27,18,6,575,6.4,1,2,3,1,0,1,2,0,0.16,0.31,0.47,0.16,0.47,3.0,0,5,8,2,34,5,7,1,12,4,33.3,1.88,0.63,0.08,0.25
Nikita Medvedev,RUS,GK,Nizhny Novgorod,29,28,28,2520,28.0,0,2,2,0,0,0,2,0,0.0,0.07,0.07,0.0,0.07,0.8,0,0,6,0,0,0,0,0,0,0,0.0,0.0,0.0,0.0,0.0
El Mehdi Maouhoub,MAR,FW,Dynamo Mosc,21,19,6,797,8.9,3,2,5,2,1,1,4,1,0.34,0.23,0.56,0.23,0.45,1.8,1,15,11,12,5,5,4,0,29,12,41.4,3.27,1.36,0.07,0.17
Robert Meji­a,COL,MF,FC Khimki,23,20,19,1595,17.7,0,0,0,0,0,0,6,0,0.0,0.0,0.0,0.0,0.0,1.0,0,37,22,1,4,31,31,0,11,3,27.3,0.62,0.17,0.0,0.0
Viktor Melekhin,RUS,DF,Rostov,20,15,8,849,9.4,0,0,0,0,0,0,4,0,0.0,0.0,0.0,0.0,0.0,3.0,0,14,14,0,1,32,11,0,6,3,50.0,0.64,0.32,0.0,0.0
Stefan Melentijevic,SRB,DF,FC Khimki,20,1,0,63,0.7,0,0,0,0,0,0,0,0,0.0,0.0,0.0,0.0,0.0,0.2,0,0,0,0,0,2,1,0,0,0,0.0,0.0,0.0,0.0,0.0
Pavel Meleshin,RUS,FW,Spartak Moscow,20,2,0,14,0.2,0,0,0,0,0,0,0,0,0.0,0.0,0.0,0.0,0.0,0.8,0,0,1,0,0,0,1,0,2,0,0.0,12.86,0.0,0.0,0.0
Georgi Melkadze,RUS,FW,Akhmat Grozny,27,12,12,1012,11.2,2,3,5,2,0,0,3,0,0.18,0.27,0.44,0.18,0.44,0.7,0,22,17,2,4,5,8,0,27,12,44.4,2.4,1.07,0.07,0.17
Vi­ctor Mendez,CHI,MF,Samara,24,10,6,582,6.5,0,1,1,0,0,0,1,0,0.0,0.15,0.15,0.0,0.15,1.8,0,9,4,0,2,7,4,0,1,0,0.0,0.15,0.0,0.0,0.0
Dylan Mertens,NED,"MF,FW",Fakel Voronezh,29,27,17,1405,15.6,0,0,0,0,0,0,5,1,0.0,0.0,0.0,0.0,0.0,0.5,0,36,11,0,16,4,17,0,23,6,26.1,1.47,0.38,0.0,0.0
Iaroslav Mikhailov,RUS,MF,Orenburg,21,24,18,1662,18.5,0,1,1,0,0,0,2,0,0.0,0.05,0.05,0.0,0.05,0.8,0,25,11,1,13,33,28,0,13,2,15.4,0.7,0.11,0.0,0.0
Ognjen Mimovic,SRB,DF,Zenit,19,4,1,110,1.2,0,0,0,0,0,0,1,0,0.0,0.0,0.0,0.0,0.0,3.5,0,3,1,0,3,0,4,0,2,1,50.0,1.64,0.82,0.0,0.0
Aleksey Mironov,RUS,MF,Rostov,24,2,0,9,0.1,0,0,0,0,0,0,0,0,0.0,0.0,0.0,0.0,0.0,0.6,0,1,0,0,1,0,0,0,0,0,0.0,0.0,0.0,0.0,0.0
Reziuan Mirzov,RUS,"MF,FW",FC Khimki,31,26,13,1118,12.4,3,1,4,2,1,1,4,0,0.24,0.08,0.32,0.16,0.24,0.5,0,13,22,6,22,2,7,0,25,9,36.0,2.01,0.72,0.08,0.22
Mario Mitaj,ALB,DF,Loko Moscow,20,1,0,11,0.1,0,0,0,0,0,0,0,0,0.0,0.0,0.0,0.0,0.0,5.5,0,1,0,0,0,0,0,0,0,0,0.0,0.0,0.0,0.0,0.0
Anton Mitryushkin,RUS,GK,Loko Moscow,28,8,8,720,8.0,0,0,0,0,0,0,0,0,0.0,0.0,0.0,0.0,0.0,1.8,0,0,1,0,0,0,0,0,0,0,0.0,0.0,0.0,0.0,0.0
Mohammad Mohebbi,IRN,FW,Rostov,25,15,12,1024,11.4,4,1,5,4,0,0,2,0,0.35,0.09,0.44,0.35,0.44,3.0,0,16,21,15,11,3,6,0,26,11,42.3,2.29,0.97,0.15,0.36
Moises,BRA,DF,CSKA Moscow,29,25,25,2193,24.4,3,2,5,3,0,0,4,0,0.12,0.08,0.21,0.12,0.21,5.0,0,25,14,3,35,15,23,0,11,6,54.5,0.45,0.25,0.27,0.5
Cesar Montes,MEX,DF,Loko Moscow,27,16,16,1429,15.9,0,0,0,0,0,0,1,0,0.0,0.0,0.0,0.0,0.0,4.5,0,18,9,0,0,15,18,0,9,4,44.4,0.57,0.25,0.0,0.0
Evgeni Morozov,RUS,DF,Loko Moscow,23,10,9,775,8.6,1,0,1,1,0,0,5,0,0.12,0.0,0.12,0.12,0.12,3.0,0,13,7,3,0,10,9,0,5,2,40.0,0.58,0.23,0.2,0.5
Bogdan Moskvichev,RUS,GK,Orenburg,20,17,17,1516,16.8,0,0,0,0,0,0,1,0,0.0,0.0,0.0,0.0,0.0,0.8,0,0,4,0,0,0,1,0,0,0,0.0,0.0,0.0,0.0,0.0
Vladimir Moskvichev,RUS,MF,FK Akron Tolyatti,24,10,1,254,2.8,0,0,0,0,0,0,1,0,0.0,0.0,0.0,0.0,0.0,0.5,0,6,4,0,2,1,11,0,2,0,0.0,0.71,0.0,0.0,0.0
Andrei Mostovoy,RUS,MF,Zenit,26,26,16,1389,15.4,9,4,13,7,2,2,1,0,0.58,0.26,0.84,0.45,0.71,4.0,0,9,41,3,42,5,11,0,27,15,55.6,1.75,0.97,0.26,0.47
Nichita Motpan,MDA,"MF,FW",Fakel Voronezh,23,21,7,815,9.1,0,0,0,0,0,0,3,1,0.0,0.0,0.0,0.0,0.0,0.5,0,15,18,0,33,3,16,0,8,0,0.0,0.88,0.0,0.0,0.0
Enri Mukba,RUS,DF,Rubin Kazan,18,1,1,38,0.4,0,0,0,0,0,0,0,0,0.0,0.0,0.0,0.0,0.0,0.0,0,2,0,0,1,0,0,0,1,0,0.0,2.37,0.0,0.0,0.0
Anton Mukhin,RUS,MF,Nizhny Novgorod,19,10,5,432,4.8,0,0,0,0,0,0,2,0,0.0,0.0,0.0,0.0,0.0,0.25,0,7,5,1,0,4,6,0,0,0,0.0,0.0,0.0,0.0,0.0
Tomas Muro,ARG,MF,Orenburg,22,4,0,40,0.4,0,0,0,0,0,0,1,0,0.0,0.0,0.0,0.0,0.0,0.4,0,1,3,0,0,0,1,0,0,0,0.0,0.0,0.0,0.0,0.0
Tamerlan Musaev,RUS,FW,CSKA Moscow,23,30,22,1996,22.2,7,1,8,7,0,0,2,0,0.32,0.05,0.36,0.32,0.36,3.5,0,32,21,9,9,7,17,0,59,30,50.8,2.66,1.35,0.12,0.23
Egor Nazarenko,RUS,MF,Dynamo Mosc,18,1,0,22,0.2,0,0,0,0,0,0,0,0,0.0,0.0,0.0,0.0,0.0,0.225,0,2,0,0,0,1,1,0,1,0,0.0,4.09,0.0,0.0,0.0
Ionut Nedelcearu,ROU,DF,FK Akron Tolyatti,28,12,11,1035,11.5,0,0,0,0,0,0,2,0,0.0,0.0,0.0,0.0,0.0,0.9,0,20,12,0,0,7,8,0,10,1,10.0,0.87,0.09,0.0,0.0
Maksim Nenakhov,RUS,DF,Loko Moscow,25,28,27,1953,21.7,0,0,0,0,0,0,4,0,0.0,0.0,0.0,0.0,0.0,3.0,0,29,38,0,46,27,37,0,17,2,11.8,0.78,0.09,0.0,0.0
Moumi Ngamaleu,CMR,MF,Dynamo Mosc,30,26,18,1626,18.1,6,5,11,6,0,1,3,0,0.33,0.28,0.61,0.33,0.61,4.0,0,21,58,9,28,20,14,0,43,12,27.9,2.38,0.66,0.14,0.5
Shamar Nicholson,JAM,FW,Spartak Moscow,27,9,3,245,2.7,3,0,3,3,0,0,1,0,1.1,0.0,1.1,1.1,1.1,3.8,0,4,2,3,2,0,0,0,8,5,62.5,2.94,1.84,0.38,0.6
Artur Nigmatullin,RUS,GK,Rubin Kazan,33,2,2,180,2.0,0,0,0,0,0,0,0,0,0.0,0.0,0.0,0.0,0.0,0.4,0,0,0,0,0,0,0,0,0,0,0.0,0.0,0.0,0.0,0.0
Nino,BRA,DF,Zenit,27,30,30,2567,28.5,2,1,3,2,0,0,3,0,0.07,0.04,0.11,0.07,0.11,11.0,0,19,26,1,7,30,20,0,20,9,45.0,0.7,0.32,0.1,0.22
Konstantin Nizhegorodov,RUS,DF,Rubin Kazan,22,10,2,371,4.1,0,0,0,0,0,0,1,0,0.0,0.0,0.0,0.0,0.0,0.3,0,5,3,0,1,7,4,0,0,0,0.0,0.0,0.0,0.0,0.0
Gerzino Nyamsi,FRA,DF,Loko Moscow,27,22,21,1901,21.1,4,0,4,4,0,0,2,0,0.19,0.0,0.19,0.19,0.19,5.0,0,22,7,1,1,17,18,0,22,7,31.8,1.04,0.33,0.18,0.57
Ivan Oblyakov,RUS,"MF,FW",CSKA Moscow,26,29,29,2521,28.0,7,4,11,4,3,3,5,1,0.25,0.14,0.39,0.14,0.29,9.0,1,27,43,2,126,25,31,0,49,21,42.9,1.75,0.75,0.08,0.19
Igor Obukhov,RUS,GK,FC Khimki,28,9,9,810,9.0,0,0,0,0,0,0,0,0,0.0,0.0,0.0,0.0,0.0,0.4,0,0,3,0,0,0,0,0,0,0,0.0,0.0,0.0,0.0,0.0
Daniil Odoevski,RUS,GK,Rostov,21,9,8,749,8.3,0,0,0,0,0,0,0,0,0.0,0.0,0.0,0.0,0.0,0.8,0,1,2,0,0,0,0,0,0,0,0.0,0.0,0.0,0.0,0.0
Stepan Oganesyan,RUS,MF,Orenburg,22,10,3,288,3.2,0,0,0,0,0,0,1,0,0.0,0.0,0.0,0.0,0.0,0.3,0,5,3,2,11,1,6,0,6,2,33.3,1.87,0.62,0.0,0.0
Viktor Okishor,RUS,MF,Dynamo Mosc,17,8,0,61,0.7,1,0,1,1,0,0,0,0,1.48,0.0,1.48,1.48,1.48,0.5,0,4,1,0,5,0,1,0,3,1,33.3,4.43,1.48,0.33,1.0
Lucas Olaza,URU,DF,Krasnodar,30,27,27,2368,26.3,1,2,3,1,0,0,4,0,0.04,0.08,0.11,0.04,0.11,4.0,0,24,22,1,146,21,38,0,17,2,11.8,0.65,0.08,0.06,0.5
Ivan Oleinikov,RUS,MF,Akhmat Grozny,25,26,22,1889,21.0,6,3,9,6,0,0,2,0,0.29,0.14,0.43,0.29,0.43,1.4,0,20,36,6,38,7,23,0,52,17,32.69,2.48,0.81,0.12,0.35
Olakunle Olusegun,NGA,MF,Krasnodar,22,19,4,589,6.5,2,0,2,2,0,0,1,0,0.31,0.0,0.31,0.31,0.31,2.5,0,7,8,0,8,10,8,0,11,5,45.5,1.68,0.76,0.18,0.4
Mikhail Oparin,RUS,GK,Akhmat Grozny,31,1,1,90,1.0,0,0,0,0,0,0,0,0,0.0,0.0,0.0,0.0,0.0,0.25,0,0,0,0,0,0,0,0,0,0,0.0,0.0,0.0,0.0,0.0
Orinho,BRA,DF,FC Khimki,29,22,16,1484,16.5,0,0,0,0,0,0,1,0,0.0,0.0,0.0,0.0,0.0,0.6,0,11,23,0,43,13,22,0,23,7,30.4,1.39,0.42,0.0,0.0
Dominik Oroz,CRO,DF,Samara,23,14,14,1250,13.9,4,0,4,4,0,0,6,1,0.29,0.0,0.29,0.29,0.29,0.8,1,23,2,0,2,22,15,1,10,7,70.0,0.72,0.5,0.4,0.57
Franco Orozco,ARG,MF,Samara,22,10,7,636,7.1,3,0,3,3,0,0,0,0,0.42,0.0,0.42,0.42,0.42,1.5,0,7,23,3,27,1,2,0,13,9,69.2,1.84,1.27,0.23,0.33
Maksim Osipenko,RUS,DF,Rostov,30,30,28,2525,28.1,9,3,12,5,4,5,2,0,0.32,0.11,0.43,0.18,0.29,5.0,0,18,22,3,30,46,23,0,30,15,50.0,1.07,0.53,0.17,0.33
Ognjen Ozegovic,SRB,FW,Nizhny Novgorod,30,16,12,987,11.0,2,0,2,2,0,0,4,0,0.18,0.0,0.18,0.18,0.18,0.5,0,19,39,10,4,1,6,0,15,5,33.3,1.37,0.46,0.13,0.4
Maksim Paliyenko,RUS,MF,FK Akron Tolyatti,29,8,6,416,4.6,1,0,1,1,0,0,1,0,0.22,0.0,0.22,0.22,0.22,0.35,0,3,5,0,15,5,4,0,7,2,28.6,1.51,0.43,0.14,0.5
Valentin Paltsev,RUS,DF,D'mo Makhachkala,23,28,28,2520,28.0,0,0,0,0,0,0,4,0,0.0,0.0,0.0,0.0,0.0,2.5,0,20,65,0,17,43,40,0,24,9,37.5,0.86,0.32,0.0,0.0
Kirill Panchenko,RUS,"FW,MF",FC Khimki,34,8,0,56,0.6,0,0,0,0,0,0,0,0,0.0,0.0,0.0,0.0,0.0,0.0,0,0,2,2,0,0,0,0,4,1,25.0,6.43,1.61,0.0,0.0
Kaio Pantaleao,BRA,DF,Krasnodar,28,13,12,992,11.0,1,0,1,1,0,0,1,0,0.09,0.0,0.09,0.09,0.09,1.8,0,16,13,1,1,23,15,0,5,1,20.0,0.45,0.09,0.2,1.0
Mati­as Perez,ARG,DF,Orenburg,25,16,16,1440,16.0,2,0,2,2,0,0,5,0,0.12,0.0,0.12,0.12,0.12,2.8,0,18,4,0,1,40,31,1,17,4,23.5,1.06,0.25,0.12,0.5
Dmitriy Pestryakov,RUS,"FW,DF",FK Akron Tolyatti,17,17,12,1025,11.4,2,0,2,2,0,0,2,0,0.18,0.0,0.18,0.18,0.18,0.9,0,12,19,0,19,11,10,0,17,6,35.3,1.49,0.53,0.12,0.33
Sergei Pesyakov,RUS,GK,Samara,35,19,18,1594,17.7,0,1,1,0,0,0,2,0,0.0,0.06,0.06,0.0,0.06,0.3,0,0,2,0,0,0,0,0,0,0,0.0,0.0,0.0,0.0,0.0
Sergei Petrov,RUS,DF,Krasnodar,33,27,21,1697,18.9,0,1,1,0,0,0,4,0,0.0,0.05,0.05,0.0,0.05,0.4,0,11,13,0,53,27,20,0,6,0,0.0,0.32,0.0,0.0,0.0
Kevin Pina,CPV,MF,Krasnodar,26,29,24,2091,23.2,3,1,4,3,0,0,6,0,0.13,0.04,0.17,0.13,0.17,5.0,0,47,25,2,3,25,44,0,25,7,28.0,1.08,0.3,0.12,0.43
Sergey Pinyaev,RUS,"MF,FW",Loko Moscow,19,28,22,1739,19.3,5,7,12,5,0,0,3,0,0.26,0.36,0.62,0.26,0.62,8.0,0,20,24,1,79,8,7,0,66,23,34.8,3.42,1.19,0.08,0.22
Vladimir Pisarskiy,RUS,FW,Samara,28,1,0,17,0.2,0,0,0,0,0,0,0,0,0.0,0.0,0.0,0.0,0.0,0.7,0,0,0,0,0,0,0,0,0,0,0.0,0.0,0.0,0.0,0.0
Miralem Pjanic,BIH,MF,CSKA Moscow,34,16,10,945,10.5,0,2,2,0,0,0,4,0,0.0,0.19,0.19,0.0,0.19,2.0,0,11,11,0,51,17,11,0,5,3,60.0,0.48,0.29,0.0,0.0
Egor Pogostnov,RUS,DF,Loko Moscow,20,7,7,630,7.0,0,0,0,0,0,0,2,0,0.0,0.0,0.0,0.0,0.0,1.8,0,14,2,0,0,6,6,0,4,1,25.0,0.57,0.14,0.0,0.0
Nikolai Poiarkov,RUS,DF,Rostov,24,2,1,76,0.8,0,0,0,0,0,0,0,0,0.0,0.0,0.0,0.0,0.0,0.3,0,0,0,0,1,0,0,0,0,0,0.0,0.0,0.0,0.0,0.0
Ilya Pomazun,RUS,GK,Spartak Moscow,27,3,3,249,2.8,0,0,0,0,0,0,0,0,0.0,0.0,0.0,0.0,0.0,1.2,0,0,0,0,0,0,0,0,0,0,0.0,0.0,0.0,0.0,0.0
Kirill Pomeshkin,RUS,MF,D'mo Makhachkala,20,1,0,3,0.0,0,0,0,0,0,0,0,0,0.0,0.0,0.0,0.0,0.0,0.1,0,0,0,0,0,0,0,0,0,0,0.0,0.0,0.0,0.0,0.0
Pavel Popov,RUS,FW,Samara,21,2,0,14,0.2,0,0,0,0,0,0,1,0,0.0,0.0,0.0,0.0,0.0,0.2,0,1,0,0,0,1,1,0,0,0,0.0,0.0,0.0,0.0,0.0
Danila Prokhin,RUS,"DF,MF",Orenburg,23,25,25,2212,24.6,0,0,0,0,0,0,7,1,0.0,0.0,0.0,0.0,0.0,1.5,0,29,11,0,12,42,46,0,31,11,35.5,1.26,0.45,0.0,0.0
Danil Prutsev,RUS,MF,Spartak Moscow,24,19,9,792,8.8,1,3,4,1,0,0,1,0,0.11,0.34,0.45,0.11,0.45,4.0,0,9,8,0,11,4,6,0,9,4,44.4,1.02,0.45,0.11,0.25
Belajdi Pusi,ALB,FW,Fakel Voronezh,26,9,0,182,2.0,0,0,0,0,0,0,0,0,0.0,0.0,0.0,0.0,0.0,0.35,0,3,1,2,4,0,0,0,9,4,44.4,4.45,1.98,0.0,0.0
Kiryl Pyachenin,BLR,DF,Samara,27,27,13,1312,14.6,2,1,3,2,0,0,3,0,0.14,0.07,0.21,0.14,0.21,0.75,0,10,11,1,50,30,33,0,10,4,40.0,0.69,0.27,0.2,0.5
Maksim Radchenko,RUS,MF,Rostov,17,1,1,45,0.5,0,0,0,0,0,0,0,0,0.0,0.0,0.0,0.0,0.0,0.0,0,0,0,0,0,0,0,0,0,0,0.0,0.0,0.0,0.0,0.0
Amar Rahmanovic,BIH,MF,Samara,30,7,1,79,0.9,0,0,0,0,0,0,1,0,0.0,0.0,0.0,0.0,0.0,1.0,0,5,2,0,1,0,0,0,3,1,33.3,3.42,1.14,0.0,0.0
Vadim Rakov,RUS,MF,Loko Moscow,19,20,3,743,8.3,1,2,3,1,0,0,3,0,0.12,0.24,0.36,0.12,0.36,1.2,0,10,4,2,36,3,13,0,24,7,29.2,2.91,0.85,0.04,0.14
Nikolai Rasskazov,RUS,"DF,MF",Samara,26,24,22,1879,20.9,0,4,4,0,0,0,4,0,0.0,0.19,0.19,0.0,0.19,1.5,0,23,11,1,30,23,22,0,19,4,21.1,0.91,0.19,0.0,0.0
Umarali Raxmonaliyev,UZB,FW,Rubin Kazan,20,2,1,77,0.9,0,0,0,0,0,0,0,0,0.0,0.0,0.0,0.0,0.0,0.65,0,0,0,0,0,0,0,0,0,0,0.0,0.0,0.0,0.0,0.0
Oleg Reabciuk,MDA,DF,Spartak Moscow,26,27,26,2159,24.0,0,2,2,0,0,0,5,0,0.0,0.08,0.08,0.0,0.08,4.0,0,37,38,2,104,35,11,0,5,2,40.0,0.21,0.08,0.0,0.0
Atsamaz Revazov,RUS,FW,Orenburg,19,7,0,58,0.6,1,0,1,1,0,0,1,0,1.55,0.0,1.55,1.55,1.55,0.15,0,4,2,0,11,0,0,0,3,2,66.7,4.66,3.1,0.33,0.5
Rodrigao,BRA,DF,Zenit,28,2,1,70,0.8,0,0,0,0,0,0,0,0,0.0,0.0,0.0,0.0,0.0,3.0,0,0,1,0,0,3,3,0,0,0,0.0,0.0,0.0,0.0,0.0
Ilia Rozhkov,RUS,"DF,MF",Rubin Kazan,19,27,26,2133,23.7,2,1,3,2,0,0,4,0,0.08,0.04,0.13,0.08,0.13,2.5,0,29,28,1,21,45,31,0,17,7,41.2,0.72,0.3,0.12,0.29
Aleksandr Rudenko,RUS,"MF,FW",FC Khimki,25,29,13,1405,15.6,6,1,7,6,0,1,3,0,0.38,0.06,0.45,0.38,0.45,1.0,0,27,16,5,19,5,9,0,37,17,45.9,2.37,1.09,0.16,0.35
Rodrigo Ruiz Di­az,PAR,FW,Akhmat Grozny,25,11,0,148,1.6,0,1,1,0,0,0,0,0,0.0,0.61,0.61,0.0,0.61,0.5,0,4,3,0,0,0,1,0,4,0,0.0,2.43,0.0,0.0,0.0
Dmitrii Rybchinskii,RUS,MF,Orenburg,25,25,15,1344,14.9,1,2,3,1,0,0,1,0,0.07,0.13,0.2,0.07,0.2,0.8,0,18,16,2,34,5,27,0,25,7,28.0,1.67,0.47,0.04,0.14
Victor Sa,BRA,MF,Krasnodar,30,25,24,1882,20.9,4,3,7,4,0,0,4,0,0.19,0.14,0.33,0.19,0.33,3.0,0,27,40,6,22,21,24,0,37,16,43.2,1.77,0.77,0.11,0.25
Lechi Sadulaev,RUS,"MF,FW",Akhmat Grozny,24,28,27,2285,25.4,3,4,7,3,0,1,4,0,0.12,0.16,0.28,0.12,0.28,3.5,0,47,91,11,156,27,13,0,51,19,37.3,2.01,0.75,0.06,0.16
Ilya Sadygov,RUS,FW,FC Khimki,23,14,1,113,1.3,0,1,1,0,0,0,2,0,0.0,0.8,0.8,0.0,0.8,0.1,0,4,0,1,0,1,2,0,1,0,0.0,0.8,0.0,0.0,0.0
Saeid Saharkhizan,IRN,"FW,MF",Orenburg,21,27,19,1518,16.9,7,1,8,7,0,0,5,1,0.42,0.06,0.47,0.42,0.47,1.0,0,20,16,6,8,3,2,0,41,15,36.6,2.43,0.89,0.17,0.47
Oumar Sako,NIG,DF,Rostov,28,28,22,1996,22.2,1,0,1,1,0,0,7,1,0.05,0.0,0.05,0.05,0.05,3.0,1,49,13,1,15,36,20,0,13,3,23.1,0.59,0.14,0.08,0.33
Nikita Saltykov,RUS,MF,Loko Moscow,19,6,1,153,1.7,0,0,0,0,0,0,1,0,0.0,0.0,0.0,0.0,0.0,2.0,0,4,3,1,6,2,3,0,2,1,50.0,1.18,0.59,0.0,0.0
Maksim Samorodov,KAZ,"MF,FW",Akhmat Grozny,22,24,21,1700,18.9,6,4,10,6,0,1,2,0,0.32,0.21,0.53,0.32,0.53,2.5,0,39,14,8,28,15,32,0,55,18,32.7,2.91,0.95,0.11,0.33
Ilya Samoshnikov,RUS,"MF,DF",Loko Moscow,26,24,22,1955,21.7,4,2,6,4,0,0,7,0,0.18,0.09,0.28,0.18,0.28,3.5,0,32,30,1,48,12,28,0,33,8,24.2,1.52,0.37,0.12,0.5
Aleksandr Sandrachuk,RUS,"MF,DF",D'mo Makhachkala,22,10,4,432,4.8,0,0,0,0,0,0,1,0,0.0,0.0,0.0,0.0,0.0,0.5,0,4,5,0,10,2,4,0,6,2,33.3,1.25,0.42,0.0,0.0
Douglas Santos,BRA,DF,Zenit,30,30,30,2697,30.0,0,3,3,0,0,0,1,0,0.0,0.1,0.1,0.0,0.1,9.0,0,12,26,1,134,35,37,0,16,2,12.5,0.53,0.07,0.0,0.0
Pedrinho Santos,BRA,MF,Zenit,18,26,16,1385,15.4,5,3,8,5,0,0,2,1,0.32,0.19,0.52,0.32,0.52,10.0,1,15,33,5,66,13,18,0,28,8,28.6,1.82,0.52,0.18,0.63
Rodrigo Saravia,URU,MF,Rostov,23,15,11,999,11.1,1,1,2,1,0,0,1,0,0.09,0.09,0.18,0.09,0.18,1.5,0,20,3,0,16,5,9,0,19,5,26.3,1.71,0.45,0.05,0.2
Vladislav Sarveli,RUS,"MF,FW",Loko Moscow,26,22,4,809,9.0,2,2,4,2,0,0,2,0,0.22,0.22,0.44,0.22,0.44,0.9,0,12,10,1,11,3,4,0,20,9,45.0,2.22,1.0,0.1,0.22
Milos Satara,BIH,DF,Akhmat Grozny,28,14,9,879,9.8,0,0,0,0,0,0,1,0,0.0,0.0,0.0,0.0,0.0,0.5,0,11,6,0,1,11,8,0,9,2,22.2,0.92,0.2,0.0,0.0
Maksim Savelev,RUS,FW,Orenburg,22,12,6,686,7.6,0,0,0,0,0,0,3,0,0.0,0.0,0.0,0.0,0.0,0.5,0,19,17,5,2,2,2,0,12,2,16.7,1.57,0.26,0.0,0.0
Konstantin Savichev,RUS,DF,FK Akron Tolyatti,30,26,26,2234,24.8,1,1,2,0,1,1,11,1,0.04,0.04,0.08,0.0,0.04,0.9,1,31,6,0,82,37,34,2,14,4,28.6,0.56,0.16,0.0,0.0
Rayan Senhadji,FRA,DF,Fakel Voronezh,27,20,18,1554,17.3,0,0,0,0,0,0,4,1,0.0,0.0,0.0,0.0,0.0,0.7,0,19,8,2,2,27,31,0,6,1,16.7,0.35,0.06,0.0,0.0
Serder Serderov,RUS,FW,D'mo Makhachkala,30,21,8,665,7.4,1,0,1,0,1,1,2,0,0.14,0.0,0.14,0.0,0.0,0.35,0,9,7,9,0,1,3,0,11,3,27.3,1.49,0.41,0.0,0.0
Ivan Sergeyev,RUS,"FW,MF",Zenit,29,26,23,2057,22.8,9,3,12,7,2,3,0,0,0.39,0.13,0.53,0.31,0.44,3.0,0,14,14,8,4,6,5,0,48,29,60.42,2.11,1.27,0.19,0.31
Edgar Sevikyan,ARM,MF,Loko Moscow,22,14,5,494,5.5,0,1,1,0,0,0,1,0,0.0,0.18,0.18,0.0,0.18,2.0,0,8,13,1,23,2,7,0,16,3,18.8,2.91,0.55,0.0,0.0
Dardan Shabanhaxhaj,AUT,"FW,MF",Rubin Kazan,23,23,17,1495,16.6,5,3,8,5,0,0,2,0,0.3,0.18,0.48,0.3,0.48,1.2,0,22,14,6,49,4,5,0,27,15,55.6,1.63,0.9,0.19,0.33
Anton Shamonin,RUS,FW,Rostov,19,6,1,110,1.2,0,0,0,0,0,0,2,0,0.0,0.0,0.0,0.0,0.0,0.25,0,5,2,0,1,0,2,0,3,3,100.0,2.45,2.45,0.0,0.0
Daniil Shantalii,RUS,MF,Rostov,20,12,11,955,10.6,0,0,0,0,0,0,2,0,0.0,0.0,0.0,0.0,0.0,0.8,0,12,10,0,9,6,8,0,4,0,0.0,0.38,0.0,0.0,0.0
Kirill Shchetinin,RUS,MF,Rostov,22,28,17,1531,17.0,1,2,3,1,0,0,2,0,0.06,0.12,0.18,0.06,0.18,2.8,0,25,39,2,67,12,39,0,23,6,26.1,1.35,0.35,0.04,0.17
Mikhail Shchetinin,RUS,MF,Fakel Voronezh,19,14,9,713,7.9,0,0,0,0,0,0,1,0,0.0,0.0,0.0,0.0,0.0,0.4,0,19,7,0,5,15,10,0,6,1,16.7,0.76,0.13,0.0,0.0
Giorgi Shelia,RUS,GK,Akhmat Grozny,35,27,27,2430,27.0,0,1,1,0,0,0,1,0,0.0,0.04,0.04,0.0,0.04,0.3,0,0,9,0,0,0,1,0,0,0,0.0,0.0,0.0,0.0,0.0
Vladislav Shitov,RUS,"FW,MF",Samara,21,24,10,940,10.4,1,2,3,1,0,0,0,0,0.1,0.19,0.29,0.1,0.29,0.8,0,22,9,3,9,6,12,0,22,7,31.8,2.11,0.67,0.05,0.14
Maksim Shnaptsev,RUS,DF,Nizhny Novgorod,20,8,2,269,3.0,0,1,1,0,0,0,0,0,0.0,0.33,0.33,0.0,0.33,0.3,0,3,7,0,4,7,1,0,0,0,0.0,0.0,0.0,0.0,0.0
Idar Shumakhov,RUS,DF,D'mo Makhachkala,25,29,28,2516,28.0,1,1,2,1,0,0,3,0,0.04,0.04,0.07,0.04,0.07,1.0,0,21,18,3,5,46,25,0,11,3,27.3,0.39,0.11,0.09,0.33
Anton Shvets,RUS,"MF,DF",Akhmat Grozny,31,15,9,794,8.8,0,0,0,0,0,0,3,0,0.0,0.0,0.0,0.0,0.0,0.8,0,22,6,0,5,21,18,0,13,3,23.1,1.47,0.34,0.0,0.0
Maksim Sidorov,RUS,DF,Orenburg,26,26,26,2283,25.4,0,1,1,0,0,0,5,1,0.0,0.04,0.04,0.0,0.04,0.75,1,24,38,2,73,25,20,0,24,2,8.3,0.95,0.08,0.0,0.0
Ismael Silva Lima,BRA,MF,Akhmat Grozny,29,25,20,1805,20.1,0,0,0,0,0,0,7,0,0.0,0.0,0.0,0.0,0.0,0.7,0,32,31,2,47,16,21,0,23,5,21.7,1.15,0.25,0.0,0.0
Aleksandr Silyanov,RUS,DF,Loko Moscow,23,26,25,2226,24.7,1,1,2,1,0,0,2,0,0.04,0.04,0.08,0.04,0.08,6.0,0,12,26,0,18,36,34,0,15,4,26.7,0.61,0.16,0.07,0.25
Dmitri Skopintsev,RUS,DF,Dynamo Mosc,27,23,11,1091,12.1,0,1,1,0,0,0,1,0,0.0,0.08,0.08,0.0,0.08,2.5,0,9,8,0,26,21,23,2,15,3,20.0,1.24,0.25,0.0,0.0
Egor Smelov,RUS,MF,Dynamo Mosc,19,2,2,105,1.2,0,0,0,0,0,0,0,0,0.0,0.0,0.0,0.0,0.0,0.3,0,4,2,0,1,0,0,0,3,1,33.3,2.57,0.86,0.0,0.0
Fyodor Smolov,RUS,FW,Krasnodar,34,16,3,416,4.6,1,1,2,1,0,0,1,0,0.22,0.22,0.43,0.22,0.43,1.0,0,7,4,6,6,2,5,0,18,6,33.3,3.89,1.3,0.06,0.17
Aleksandr Sobolev,RUS,"FW,MF",Zenit,27,24,10,953,10.5,4,2,6,4,0,0,3,0,0.38,0.19,0.57,0.38,0.57,6.0,0,19,15,11,1,5,5,0,42,17,40.48,4.0,1.62,0.1,0.24
Pablo Solari,ARG,"MF,FW",Spartak Moscow,23,11,2,458,5.1,2,1,3,1,1,1,5,0,0.39,0.2,0.59,0.2,0.39,7.0,0,9,7,3,53,1,7,0,28,10,35.7,5.5,1.97,0.04,0.1
Aleksandr Soldatenkov,RUS,DF,Samara,27,23,23,2070,23.0,0,0,0,0,0,0,4,0,0.0,0.0,0.0,0.0,0.0,4.0,0,17,5,0,1,31,22,1,3,1,33.3,0.13,0.04,0.0,0.0
Sven Sostaric Karic,SVN,DF,Nizhny Novgorod,26,21,19,1775,19.7,1,0,1,1,0,0,2,0,0.05,0.0,0.05,0.05,0.05,1.0,0,15,18,0,15,39,20,0,13,2,15.4,0.66,0.1,0.08,0.5
Eduard Spertsyan,ARM,MF,Krasnodar,24,28,27,2283,25.4,11,6,17,7,4,5,2,0,0.43,0.24,0.67,0.28,0.51,25.0,0,39,46,4,122,19,20,0,59,25,42.4,2.33,0.99,0.12,0.28
Mateo Stamatov,BUL,"DF,MF",Nizhny Novgorod,25,12,9,816,9.1,0,2,2,0,0,0,3,0,0.0,0.22,0.22,0.0,0.22,0.5,0,8,6,1,18,8,6,0,4,0,0.0,0.44,0.0,0.0,0.0
Evgenii Staver,RUS,GK,Rubin Kazan,26,28,28,2520,28.0,0,0,0,0,0,0,2,0,0.0,0.0,0.0,0.0,0.0,1.5,0,0,1,0,0,0,1,0,0,0,0.0,0.0,0.0,0.0,0.0
Danil Stepanov,RUS,"DF,MF",FC Khimki,24,15,8,737,8.2,0,0,0,0,0,0,1,0,0.0,0.0,0.0,0.0,0.0,0.6,0,9,13,0,19,13,15,0,3,0,0.0,0.37,0.0,0.0,0.0
Semen Stolbov,RUS,DF,Orenburg,21,2,1,111,1.2,0,0,0,0,0,0,1,0,0.0,0.0,0.0,0.0,0.0,0.1,0,5,1,0,2,0,2,0,0,0,0.0,0.0,0.0,0.0,0.0
Timur Suleimanov,RUS,FW,Loko Moscow,24,29,3,768,8.5,1,0,1,1,0,0,7,0,0.12,0.0,0.12,0.12,0.12,1.2,0,39,16,6,6,2,5,0,19,5,26.3,2.23,0.59,0.05,0.2
Arciom Sumanski,BLR,FW,CSKA Moscow,19,5,1,96,1.1,1,0,1,1,0,0,1,0,0.94,0.0,0.94,0.94,0.94,0.7,0,2,2,1,2,0,0,0,4,3,75.0,3.75,2.81,0.25,0.33
Temirkhan Sundukov,RUS,"MF,DF",D'mo Makhachkala,22,26,22,1971,21.9,1,1,2,1,0,0,7,0,0.05,0.05,0.09,0.05,0.09,0.8,0,37,16,0,55,21,45,0,18,6,33.3,0.82,0.27,0.06,0.17
Aleksei Sutormin,RUS,"FW,DF",Rostov,30,24,14,1221,13.6,0,1,1,0,0,0,2,1,0.0,0.07,0.07,0.0,0.07,1.0,0,24,19,4,59,7,23,0,17,2,11.8,1.25,0.15,0.0,0.0
Maksim Syshchenko,RUS,DF,Orenburg,20,3,3,225,2.5,0,0,0,0,0,0,0,0,0.0,0.0,0.0,0.0,0.0,0.2,0,4,0,0,0,1,2,0,0,0,0.0,0.0,0.0,0.0,0.0
Nikolai Sysuyev,RUS,GK,Orenburg,25,14,13,1184,13.2,0,0,0,0,0,0,2,0,0.0,0.0,0.0,0.0,0.0,0.8,0,0,1,0,0,0,0,0,0,0,0.0,0.0,0.0,0.0,0.0
Jemal Tabidze,GEO,DF,D'mo Makhachkala,28,19,18,1490,16.6,0,0,0,0,0,0,5,0,0.0,0.0,0.0,0.0,0.0,0.8,0,14,16,0,5,27,23,0,9,2,22.2,0.54,0.12,0.0,0.0
Kasra Taheri,IRN,FW,Rubin Kazan,17,2,0,14,0.2,0,0,0,0,0,0,1,0,0.0,0.0,0.0,0.0,0.0,0.1,0,3,2,0,0,0,0,0,0,0,0.0,0.0,0.0,0.0,0.0
Amine Talal,MAR,"MF,FW",Akhmat Grozny,28,18,11,940,10.4,2,0,2,2,0,0,2,0,0.19,0.0,0.19,0.19,0.19,0.8,0,11,21,5,2,2,8,0,20,9,45.0,1.91,0.86,0.1,0.22
Aleksei Tatayev,RUS,DF,Orenburg,25,9,9,760,8.4,1,0,1,1,0,0,4,0,0.12,0.0,0.12,0.12,0.12,0.8,0,19,14,0,2,16,9,0,3,1,33.3,0.36,0.12,0.33,1.0
Mavis Tchibota,CGO,FW,FK Akron Tolyatti,28,2,0,12,0.1,0,0,0,0,0,0,0,0,0.0,0.0,0.0,0.0,0.0,0.3,0,0,0,0,1,1,0,0,0,0,0.0,0.0,0.0,0.0,0.0
Sergei Terekhov,RUS,DF,FC Khimki,34,8,6,510,5.7,0,1,1,0,0,0,2,0,0.0,0.18,0.18,0.0,0.18,0.25,0,6,7,0,5,11,11,0,0,0,0.0,0.0,0.0,0.0,0.0
Egor Teslenko,GRE,DF,Rubin Kazan,23,27,27,2379,26.4,3,2,5,3,0,0,9,1,0.11,0.08,0.19,0.11,0.19,2.0,1,28,18,1,7,41,34,0,22,8,36.4,0.83,0.3,0.14,0.38
Jordhy Thompson,CHI,MF,Orenburg,19,9,1,189,2.1,0,0,0,0,0,0,0,0,0.0,0.0,0.0,0.0,0.0,0.35,0,0,1,0,13,1,2,0,5,2,40.0,2.38,0.95,0.0,0.0
Dmitri Tikhiy,RUS,DF,Nizhny Novgorod,31,4,4,313,3.5,0,0,0,0,0,0,1,0,0.0,0.0,0.0,0.0,0.0,0.35,0,5,2,0,5,5,2,0,3,1,33.3,0.86,0.29,0.0,0.0
Nair Tiknizyan,ARM,"MF,DF",Loko Moscow,25,23,10,1049,11.7,2,0,2,2,0,0,2,0,0.17,0.0,0.17,0.17,0.17,4.0,0,9,4,5,32,10,10,0,21,6,28.6,1.8,0.51,0.1,0.33
Artyom Timofeyev,RUS,MF,Loko Moscow,30,13,7,546,6.1,1,1,2,1,0,0,4,1,0.16,0.16,0.33,0.16,0.33,1.5,1,14,5,0,6,16,5,0,7,4,57.1,1.15,0.66,0.14,0.25
Ivan Timoshenko,RUS,FW,FK Akron Tolyatti,25,11,4,427,4.7,1,0,1,1,0,0,0,0,0.21,0.0,0.21,0.21,0.21,0.65,0,6,4,0,0,0,2,0,12,1,8.3,2.53,0.21,0.08,1.0
Darko Todorovic,BIH,"DF,MF",Akhmat Grozny,27,27,24,2151,23.9,0,1,1,0,0,1,6,0,0.0,0.04,0.04,0.0,0.04,1.0,0,34,25,3,53,33,28,0,16,3,18.8,0.67,0.13,0.0,0.0
Vi­tor Tormena,BRA,DF,Krasnodar,28,23,22,2052,22.8,2,1,3,2,0,0,4,0,0.09,0.04,0.13,0.09,0.13,7.0,0,25,5,0,1,30,19,0,15,4,26.7,0.66,0.18,0.13,0.5
Vladislav Torop,RUS,GK,CSKA Moscow,20,2,2,180,2.0,0,0,0,0,0,0,0,0,0.0,0.0,0.0,0.0,0.0,1.0,0,0,3,0,0,0,0,0,0,0,0.0,0.0,0.0,0.0,0.0
Aleksandr Troshechkin,RUS,MF,Nizhny Novgorod,28,23,13,1066,11.8,1,1,2,1,0,0,3,0,0.08,0.08,0.17,0.08,0.17,0.7,0,23,9,1,2,10,16,0,6,3,50.0,0.51,0.25,0.17,0.33
Valeri Tsarukyan,RUS,"FW,MF",Nizhny Novgorod,22,18,6,657,7.3,3,1,4,3,0,0,0,0,0.41,0.14,0.55,0.41,0.55,0.35,0,12,30,0,20,3,7,0,16,8,50.0,2.19,1.1,0.19,0.38
Dmitri Tsypchenko,RUS,FW,Samara,25,16,3,392,4.4,1,0,1,1,0,0,1,0,0.23,0.0,0.23,0.23,0.23,0.5,0,7,1,1,4,1,5,0,16,4,25.0,3.67,0.92,0.06,0.25
Ze Turbo,GNB,FW,Nizhny Novgorod,27,14,5,478,5.3,2,0,2,2,0,0,2,0,0.38,0.0,0.38,0.38,0.38,0.45,0,15,14,7,1,1,0,0,8,3,37.5,1.51,0.56,0.25,0.67
Konstantin Tyukavin,RUS,FW,Dynamo Mosc,22,19,18,1499,16.7,7,2,9,6,1,2,0,0,0.42,0.12,0.54,0.36,0.48,16.0,0,18,21,12,1,2,7,0,54,18,33.3,3.24,1.08,0.11,0.33
Manfred Ugalde,CRC,FW,Spartak Moscow,22,29,26,2121,23.6,17,3,20,17,0,0,2,0,0.72,0.13,0.85,0.72,0.85,15.0,0,46,57,10,11,4,13,0,75,36,48.0,3.18,1.53,0.23,0.47
Vadim Ulyanov,RUS,GK,Akhmat Grozny,22,2,2,180,2.0,0,0,0,0,0,0,0,0,0.0,0.0,0.0,0.0,0.0,0.5,0,0,0,0,0,0,0,0,0,0,0.0,0.0,0.0,0.0,0.0
Nail Umyarov,RUS,MF,Spartak Moscow,24,28,27,2327,25.9,3,0,3,3,0,0,6,0,0.12,0.0,0.12,0.12,0.12,4.0,0,43,27,0,3,65,39,0,22,7,31.8,0.85,0.27,0.14,0.43
Daniil Utkin,RUS,MF,Rostov,24,21,20,1406,15.6,1,2,3,1,0,1,3,0,0.06,0.13,0.19,0.06,0.19,2.8,0,8,22,1,54,16,15,0,28,10,35.71,1.79,0.64,0.04,0.1
Rizvan Utsiyev,RUS,DF,Akhmat Grozny,36,1,1,90,1.0,0,0,0,0,0,0,0,0,0.0,0.0,0.0,0.0,0.0,0.05,0,1,1,0,1,3,0,0,0,0,0.0,0.0,0.0,0.0,0.0
Valenti­n Vada,ARG,"MF,FW",Rubin Kazan,28,24,15,1208,13.4,2,2,4,1,1,1,1,0,0.15,0.15,0.3,0.07,0.22,1.8,0,19,17,2,72,7,9,0,25,6,24.0,1.86,0.45,0.04,0.17
Ilya Vakhaniya,RUS,DF,Rostov,23,29,26,2284,25.4,0,1,1,0,0,0,4,0,0.0,0.04,0.04,0.0,0.04,3.0,0,23,34,3,80,57,31,0,8,1,12.5,0.32,0.04,0.0,0.0
Dmitrii Vasilev,RUS,DF,Zenit,20,2,0,7,0.1,0,0,0,0,0,0,0,0,0.0,0.0,0.0,0.0,0.0,0.6,0,0,0,0,0,0,0,0,0,0,0.0,0.0,0.0,0.0,0.0
Nikita Vasiliev,RUS,"MF,FW",Rubin Kazan,17,3,2,95,1.1,0,0,0,0,0,0,0,0,0.0,0.0,0.0,0.0,0.0,0.1,0,1,0,0,0,1,1,0,0,0,0.0,0.0,0.0,0.0,0.0
Ilia Vasin,RUS,FW,Fakel Voronezh,18,1,0,3,0.0,0,0,0,0,0,0,0,0,0.0,0.0,0.0,0.0,0.0,0.075,0,0,0,0,0,0,0,0,2,0,0.0,60.0,0.0,0.0,0.0
Aleksandr Vasyutin,RUS,GK,FK Akron Tolyatti,29,15,15,1228,13.6,0,0,0,0,0,0,0,0,0.0,0.0,0.0,0.0,0.0,0.9,0,1,4,0,0,0,0,0,0,0,0.0,0.0,0.0,0.0,0.0
Thiago Vecino,URU,FW,Nizhny Novgorod,25,9,2,236,2.6,1,0,1,0,1,2,2,0,0.38,0.0,0.38,0.0,0.0,0.7,0,8,1,0,0,1,0,0,2,1,50.0,0.76,0.38,0.0,0.0
Danila Vedernikov,RUS,"DF,MF",Nizhny Novgorod,23,5,3,330,3.7,0,0,0,0,0,0,1,0,0.0,0.0,0.0,0.0,0.0,0.0,0,1,1,0,4,1,5,0,2,0,0.0,0.55,0.0,0.0,0.0
Lucas Vera,ARG,"MF,FW",FC Khimki,27,30,28,2447,27.2,7,4,11,3,4,5,3,0,0.26,0.15,0.4,0.11,0.26,3.5,0,8,23,3,161,8,15,0,31,14,45.2,1.14,0.51,0.1,0.21
Luka Vesner Ticic,SVN,"MF,DF",Nizhny Novgorod,23,22,17,1572,17.5,0,1,1,0,0,0,3,0,0.0,0.06,0.06,0.0,0.06,0.7,0,18,11,0,32,11,10,0,14,3,21.4,0.8,0.17,0.0,0.0
Paulo Vitor,BRA,DF,FK Akron Tolyatti,23,16,15,1295,14.4,0,0,0,0,0,0,1,0,0.0,0.0,0.0,0.0,0.0,0.8,0,6,5,1,2,14,16,0,6,0,0.0,0.42,0.0,0.0,0.0
Maksim Vityugov,RUS,MF,Samara,26,10,6,592,6.6,0,0,0,0,0,0,2,0,0.0,0.0,0.0,0.0,0.0,0.9,0,9,6,1,3,11,6,0,5,0,0.0,0.76,0.0,0.0,0.0
David Volk,RUS,GK,D'mo Makhachkala,23,20,20,1800,20.0,0,0,0,0,0,0,1,0,0.0,0.0,0.0,0.0,0.0,1.2,0,0,4,0,0,0,1,0,0,0,0.0,0.0,0.0,0.0,0.0
Sergei Volkov,RUS,GK,FK Akron Tolyatti,29,18,15,1472,16.4,0,0,0,0,0,0,0,0,0.0,0.0,0.0,0.0,0.0,1.0,0,0,2,0,1,0,0,0,0,0,0.0,0.0,0.0,0.0,0.0
Sergey Volkov,RUS,DF,Zenit,21,3,2,124,1.4,0,0,0,0,0,0,0,0,0.0,0.0,0.0,0.0,0.0,3.0,0,3,1,0,4,2,2,0,1,0,0.0,0.73,0.0,0.0,0.0
Zakhar Volkov,BLR,DF,FC Khimki,26,1,0,5,0.1,0,0,0,0,0,0,0,0,0.0,0.0,0.0,0.0,0.0,0.75,0,0,0,0,0,0,0,0,0,0,0.0,0.0,0.0,0.0,0.0
Dmitry Vorobyev,RUS,FW,Loko Moscow,26,30,27,1960,21.8,12,4,16,11,1,2,3,0,0.55,0.18,0.73,0.51,0.69,3.0,0,37,18,8,7,5,11,0,59,24,40.7,2.71,1.1,0.19,0.46
Igor Vujacic,MNE,DF,Rubin Kazan,29,27,27,2372,26.4,0,0,0,0,0,0,7,0,0.0,0.0,0.0,0.0,0.0,3.0,0,30,50,2,0,36,21,0,17,3,17.6,0.65,0.11,0.0,0.0
Aleksandr Vyacheslavovich Zhirov,RUS,DF,Akhmat Grozny,33,21,18,1614,17.9,2,0,2,2,0,0,2,0,0.11,0.0,0.11,0.11,0.11,0.3,0,10,3,1,8,19,14,0,16,6,37.5,0.89,0.33,0.13,0.33
Wendel,BRA,MF,Zenit,26,22,22,1783,19.8,1,10,11,1,0,0,4,1,0.05,0.5,0.56,0.05,0.56,18.0,0,9,26,1,14,14,6,0,22,8,36.4,1.11,0.4,0.05,0.13
Willyan,BRA,DF,CSKA Moscow,29,26,26,2258,25.1,1,2,3,1,0,0,3,1,0.04,0.08,0.12,0.04,0.12,6.0,0,21,28,2,5,47,22,0,26,7,26.9,1.04,0.28,0.04,0.14
Vyacheslav Yakimov,RUS,MF,Fakel Voronezh,26,23,14,1243,13.8,0,0,0,0,0,0,3,1,0.0,0.0,0.0,0.0,0.0,0.7,0,32,13,1,5,16,30,0,17,2,11.8,1.23,0.14,0.0,0.0
Vladislav Yakovlev,RUS,FW,CSKA Moscow,22,1,0,1,0.0,0,0,0,0,0,0,0,0,0.0,0.0,0.0,0.0,0.0,0.3,0,0,0,0,0,0,0,0,0,0,0.0,0.0,0.0,0.0,0.0
Denis Yakuba,RUS,"DF,MF",Samara,28,2,0,23,0.3,0,0,0,0,0,0,0,0,0.0,0.0,0.0,0.0,0.0,0.15,0,0,1,0,1,0,0,0,0,0,0.0,0.0,0.0,0.0,0.0
Magomed Yakuev,RUS,MF,Akhmat Grozny,20,2,0,15,0.2,0,0,0,0,0,0,0,0,0.0,0.0,0.0,0.0,0.0,0.05,0,0,0,0,0,0,1,0,0,0,0.0,0.0,0.0,0.0,0.0
Roman Yevgenyev,RUS,DF,Samara,25,19,15,1391,15.5,0,0,0,0,0,0,4,1,0.0,0.0,0.0,0.0,0.0,1.2,1,7,6,2,1,17,8,0,12,4,33.3,0.78,0.26,0.0,0.0
Roman Yezhov,RUS,MF,Samara,26,21,16,1366,15.2,0,2,2,0,0,0,2,0,0.0,0.13,0.13,0.0,0.13,1.8,0,9,30,9,51,7,17,0,10,2,20.0,0.66,0.13,0.0,0.0
Igor Yurganov,RUS,DF,Fakel Voronezh,30,20,15,1472,16.4,0,0,0,0,0,0,3,0,0.0,0.0,0.0,0.0,0.0,0.5,0,15,14,2,12,16,10,0,10,2,20.0,0.61,0.12,0.0,0.0
Zalimkhan Yusupov,RUS,MF,D'mo Makhachkala,26,12,4,367,4.1,0,0,0,0,0,0,3,0,0.0,0.0,0.0,0.0,0.0,0.4,0,8,7,0,14,6,10,0,3,0,0.0,0.74,0.0,0.0,0.0
Anton Zabolotny,RUS,FW,FC Khimki,33,29,29,2494,27.7,6,5,11,6,0,0,5,0,0.22,0.18,0.4,0.22,0.4,0.7,0,46,58,12,3,6,12,0,55,17,30.9,1.98,0.61,0.11,0.35
Leon Zaidenzal,RUS,DF,Dynamo Mosc,20,1,0,1,0.0,0,0,0,0,0,0,0,0,0.0,0.0,0.0,0.0,0.0,0.2,0,0,0,0,0,0,0,0,0,0,0.0,0.0,0.0,0.0,0.0
Sasa Zdjelar,SRB,MF,CSKA Moscow,29,22,14,1399,15.5,0,1,1,0,0,0,3,0,0.0,0.06,0.06,0.0,0.06,3.5,0,24,18,0,8,20,26,0,9,1,11.11,0.58,0.06,0.0,0.0
Ilya Zhbanov,RUS,FW,Rostov,20,3,0,25,0.3,0,0,0,0,0,0,0,0,0.0,0.0,0.0,0.0,0.0,0.05,0,1,0,0,3,0,0,0,0,0,0.0,0.0,0.0,0.0,0.0
Rifat Zhemaletdinov,RUS,"FW,MF",CSKA Moscow,27,24,12,882,9.8,2,3,5,2,0,0,1,0,0.2,0.31,0.51,0.2,0.51,2.5,0,18,15,2,10,8,5,0,20,7,35.0,2.04,0.71,0.1,0.29
Anton Zinkovskiy,RUS,"MF,FW",Spartak Moscow,28,18,12,1083,12.0,0,1,1,0,0,0,1,0,0.0,0.08,0.08,0.0,0.08,2.5,0,8,21,0,68,5,14,0,25,7,28.0,2.08,0.58,0.0,0.0
Kiryl Zinovic,BLR,"MF,FW",D'mo Makhachkala,21,26,4,548,6.1,1,0,1,1,0,0,2,0,0.16,0.0,0.16,0.16,0.16,0.4,0,12,16,2,5,4,6,0,17,8,47.1,2.79,1.31,0.06,0.13
Roman Zobnin,RUS,"MF,DF",Spartak Moscow,30,16,8,820,9.1,1,0,1,1,0,0,4,1,0.11,0.0,0.11,0.11,0.11,3.0,1,12,15,0,12,12,9,0,11,3,27.3,1.21,0.33,0.09,0.33
Daniil Zorin,RUS,MF,Spartak Moscow,20,14,5,462,5.2,1,0,1,1,0,0,1,0,0.19,0.0,0.19,0.19,0.19,0.7,0,6,12,2,2,1,4,1,9,2,22.22,1.73,0.38,0.11,0.5
Aleksandr Zotov,RUS,MF,Rubin Kazan,33,22,12,1219,13.5,2,0,2,2,0,0,4,0,0.15,0.0,0.15,0.15,0.15,0.15,0,14,15,1,14,15,11,0,7,2,28.6,0.52,0.15,0.29,1.0
Georgi Zotov,RUS,DF,Orenburg,34,7,4,376,4.2,0,1,1,0,0,0,1,0,0.0,0.24,0.24,0.0,0.24,0.05,0,4,6,0,5,9,3,0,5,0,0.0,1.2,0.0,0.0,0.0
Ifet Djakovac,BIH,MF,FK Akron Tolyatti,26,8,6,447,5.0,2,0,2,2,0,0,1,0,0.4,0.0,0.4,0.4,0.4,2.5,0,7,5,0,14,9,8,0,9,3,33.3,1.81,0.6,0.22,0.67
Jan Djapo,SVN,"MF,DF",D'mo Makhachkala,21,16,9,694,7.7,1,0,1,1,0,0,2,0,0.13,0.0,0.13,0.13,0.13,0.5,0,12,3,1,27,8,12,0,12,1,8.3,1.56,0.13,0.08,1.0
Aleksa Djurasovic,SRB,MF,FK Akron Tolyatti,21,30,29,2524,28.0,0,0,0,0,0,0,2,0,0.0,0.0,0.0,0.0,0.0,2.0,0,12,25,0,7,34,27,1,14,2,14.3,0.5,0.07,0.0,0.0
